index,published,topic,term,domain,language,valid,de,title,description,en,la,url,image,archive,content,quote,added,feed,country,ipcc,continent
ed17713ef70f68fe55d7e43c12691b70,2026-07-02T17:30:00Z,Heat Wave,heetste dag,www.nrc.nl,nl,0.9,"Der Klimawandel ist der Tour de France dicht auf den Fersen. Radfahren in der Hitze: In den letzten fünfzig Jahren begannen die Tour-Etappen oft an den heißesten Tagen, wie Klimaforscher herausfanden. Dieses Jahr wird es glühend heiß. Ist die Tour zukunftssicher?",Klimaatverandering zit Tour de France op de hielen,"Fietsen in de hitte: De afgelopen vijftig jaar ontsprongen de Touretappes vaak nét de heetste dagen, zagen klimaatwetenschappers. Dit jaar wordt het bloedheet. Is de Tour toekomstbestendig?","Climate change is hot on the heels of the Tour de France. Cycling in the heat: Over the past fifty years, the Tour stages often started on the hottest days, climate scientists saw. This year it will be scorching hot. Is the Tour future-proof?","Mutatio climatis calida in passibus Tour de France. Revolutio in aestu: Super praeteritum quinquaginta annos, Gradus Tornacense in calidissimis diebus saepe inceperunt, physici climatis viderunt. Hoc anno aestus erit. Estne Peregrinatio futurae probationis?",https://www.nrc.nl/nieuws/2026/07/02/klimaatverandering-zit-tour-de-france-op-de-hielen-a4931037,https://images.nrc.nl/PhasOa-y3py3VKKvAA0JKYYayHE=/1200x627/smart/filters:no_upscale()/s3/static.nrc.nl/wp-content/uploads/2026/07/01175417/020726SPO_2031784009_3.jpg,,"Het belooft een heet begin van de Tour de France te worden dit weekend, bloedheet zelfs. Naar verwachting komt het kwik ruim boven de dertig graden uit als de renners zaterdag aan de start in Barcelo… [+11792 chars]",,2026-07-04 04:22:20+00:00,random,,,
28032ebea021c23f607c7af45ed6eb42,2026-07-03T14:35:12Z,Precipitation,weerfront,www.vrt.be,nl,0.9,"Potenzieller Supertaifun nähert sich US-Inseln im Pazifischen Ozean. Auf den amerikanischen Inseln Guam und den Nördlichen Marianen bereiten sich die Bewohner auf den Durchzug einer Wetterfront vor, die sich zu einem Supertaifun entwickeln könnte. Das Joint Typhoon Warning Center (JTWC), das gemeinsame Kommando Amerikas, warnt davor ...",Potentiële supertyfoon nadert Amerikaanse eilanden in Stille Oceaan,"Op de Amerikaanse eilanden Guam en de Noordelijke Marianen maken inwoners zich op voor de doortocht van een weerfront dat mogelijk uitgroeit tot een supertyfoon. Daarvoor waarschuwt de Joint Typhoon Warning Center (JTWC), het gezamenlijke commando van de Amer…","Potential super typhoon approaches US islands in Pacific Ocean. On the American islands of Guam and the Northern Mariana Islands, residents are preparing for the passage of a weather front that may develop into a super typhoon. The Joint Typhoon Warning Center (JTWC), the joint command of the Americas, warns about this...","Potentia super typhonium insulas US in Oceano Pacifico appropinquat. In insulis Americanis Guam et insulis Mariana septentrionalibus habitant praeparant transitum tempestatis anterius, qui in typhonium eximium potest evolvere. Articulus Typhoon Admonitio Centre (JTWC), commune mandatum Americae, de hoc monet...",https://www.vrt.be/vrtnws/nl/2026/07/03/supertyfoon-amerikaanse-eilanden/,https://images.vrt.be/vrtnws_share/2026/07/03/56f370a3-1d9c-4999-9177-0e75444f9010.jpg,,Op de Amerikaanse eilanden Guam en de Noordelijke Marianen maken inwoners zich op voor de doortocht van een weerfront dat mogelijk uitgroeit tot een supertyfoon. Daarvoor waarschuwt de Joint Typhoon … [+1600 chars],,2026-07-06 04:54:40+00:00,random,,,
42b964a265af0fba9f60c682a1b7e76b,2026-07-03T11:03:28Z,Heat Wave,hitte,www.marketingfacts.nl,nl,0.9,"Im Gespräch im Radio: Wahl in Zeiten der Knappheit, Cannes, Hitze und die Zukunft von WhatsApp. Letzte Woche war ich erneut als Tischgast bei New Business Radio, wo wir über einen recht vielfältigen Themenmix sprachen.","In gesprek op de radio: kiezen in tijden van schaarste, Cannes, hitte en de toekomst van WhatsApp","Afgelopen week schoof ik opnieuw aan als tafelgast bij New Business Radio, waar we spraken over een nogal uiteenlopende mix van onderwerpen.","In conversation on the radio: choosing in times of scarcity, Cannes, heat and the future of WhatsApp. Last week I again joined New Business Radio as a table guest, where we talked about a rather diverse mix of topics.","In colloquio de radiophonicis: eligens in tempore inopiae, Cannes, aestus et futurum whatsapp. Ultima septimana iterum coniunxi Radiophonicum Negotium Novum tamquam mensam hospitem, ubi de mixtura potius diversorum argumentorum locuti sumus.",https://www.marketingfacts.nl/berichten/in-gesprek-op-de-radio-kiezen-in-tijden-van-schaarste-cannes-hitte-en-de-toekomst-van-whatsapp/,https://www.marketingfacts.nl/wp-content/uploads/2026/07/NBR-LIVE_-2-7-2026-aspect-ratio-943-471.5.jpg,,Tijdens mijn eigen bijdrage blikten we eerst terug op het Cannes Lions International Festival of Creativity. Waar natuurlijk ook AI dit jaar nadrukkelijk aanwezig was. Waar sommige creatieven zich zo… [+2128 chars],,2026-07-06 17:59:01+00:00,random,,,
d7ff8c7e5c9b9174b30ab62f739d498d,2026-07-03T16:37:12Z,Heat Wave,hitte,www.tvl.be,nl,0.9,"Peltse sagt über verheerende Waldbrände im Süden Frankreichs aus. Im Süden Europas hält die extreme Hitze an. In der Nähe von Perpignan in Südfrankreich sind schwere Waldbrände ausgebrochen. Mittlerweile sind dort bereits drei Campingplätze völlig zerstört. Es handelt sich um 256 Bungalows, die in Flammen aufgingen. Ungefähr 3.000 ich…",Peltse getuigt over verwoestende bosbranden in Zuid-Frankrijk,"De extreme hitte houdt aan in het zuiden van Europa. Nabij Perpignan, in Zuid-Frankrijk, zijn grote bosbranden uitgebroken. Intussen zijn daar al drie campings volledig verwoest. Het zou gaan om 256 bungalows die in de vlammen zijn opgegaan. Ongeveer 3.000 me…","Peltse testifies about devastating forest fires in the south of France. The extreme heat continues in the south of Europe. Major forest fires have broken out near Perpignan, in southern France. In the meantime, three campsites there have already been completely destroyed. It concerns 256 bungalows that went up in flames. About 3,000 me…",De vastatione silvarum incendia in Gallia australi Peltse testatur. Calor extremus pergit in Europa australi. Maiores silvae ignes prope Perpinianum in Gallia australi eruperunt. Interim trina ibi campsita penitus sunt deleta. Interest 256 bungalows ascendentes in flammas. Circiter 3000 me…,https://www.tvl.be/nieuws/peltse-getuigt-over-verwoestende-bosbranden-in-zuid-frankrijk-181766,https://shared.tvl.be/ext/tvl/w1200/20260703-001-1263.jpg?t=1783100273,,"De extreme hitte houdt aan in het zuiden van Europa. Nabij Perpignan, in Zuid-Frankrijk, zijn grote bosbranden uitgebroken. Intussen zijn daar al drie campings volledig verwoest. Het zou gaan om 256 … [+786 chars]",,2026-07-06 17:59:01+00:00,random,,,
82093b8651202a6a0a2fd21112f586d7,2026-07-04T05:28:00Z,Heat Wave,hitte,newsmonkey.be,nl,0.9,"Der Wasserverbrauch in Flandern erreicht während der Hitzewelle den höchsten Stand seit fünf Jahren. Kurz gesagt: Aufgrund der jüngsten Hitzewelle stieg der Leitungswasserverbrauch in Flandern am Freitag, den 26. Juni, auf den höchsten Stand seit fünf Jahren. Die Daten des Wasserversorgungslageindikators zeigten, dass der Verbrauch an diesem Tag 1.351.622 m³ Bett betrug…",Waterverbruik in Vlaanderen bereikt hoogste niveau in vijf jaar tijdens hittegolf,In het kort Door de recente hittegolf schoot het leidingwaterverbruik in Vlaanderen op vrijdag 26 juni omhoog naar het hoogste niveau in vijf jaar. Uit gegevens van de indicator voor de watervoorzieningssituatie bleek dat het verbruik die dag 1.351.622 m³ bed…,"Water consumption in Flanders reaches highest level in five years during heat wave. In short Due to the recent heat wave, tap water consumption in Flanders shot up to the highest level in five years on Friday 26 June. Data from the water supply situation indicator showed that consumption that day was 1,351,622 m³ bed…","Aqua consummatio in Flandria summum gradum per quinquennium in unda aestus attingit. In brevi Ob recentem aestum fluctum, aquae sonum consumptio in Flandria ad summum gradum exortum est die Veneris 26 mensis Iunii anno quinto. Data ex copia aquae situ indicato ostendit consumptionem illo die esse 1,351,622 m³ cubitum.",https://newsmonkey.be/waterverbruik-in-vlaanderen-bereikt-hoogste-niveau-in-vijf-jaar-tijdens-hittegolf/,https://media.newsmonkey.be/2026/05/anderson-rian-klwak-FdEiA-unsplash-scaled.jpg,,"In het kort
<ul><li>Vlaanderen heeft tijdens de recente hittegolf een vijfjarig record bereikt voor het gebruik van leidingwater.</li><li>De voorraad blijft stabiel, ondanks de ongekende stijging va… [+1785 chars]",,2026-07-06 17:59:01+00:00,random,,,
413c790edaf0e434a193420169129add,2026-07-04T09:32:17Z,Heat Wave,hitte,www.vrt.be,nl,0.9,Extreme Hitze stört US-Nationalfeiertag: Parade in Washington D.C. abgesagt. Die jährliche Parade zum Unabhängigkeitstag in der amerikanischen Hauptstadt Washington D.C. wurde wegen der extremen Hitze abgesagt. Heute werden Temperaturen über 40 Grad erwartet. Auch weitere Veranstaltungen im Zusammenhang mit dem 4. Juli und dem 250-Jahr-Jubiläum...,Extreme hitte doorkruist Amerikaanse nationale feestdag: parade in Washington D.C. afgelast,In de Amerikaanse hoofdstad Washington D.C. is de jaarlijkse Independence Day-parade afgelast door de extreme hitte. Er worden vandaag temperaturen boven de 40 graden verwacht. Ook andere evenementen naar aanleiding van de 4th of July en het 250-jarige bestaa…,Extreme heat disrupts US national holiday: parade in Washington D.C. canceled. The annual Independence Day parade in the American capital Washington D.C. has been canceled due to the extreme heat. Temperatures above 40 degrees are expected today. Also other events in connection with the 4th of July and the 250th anniversary...,Extremus calor ferias nationales US dissolvit: pompa in Washington D.C. instat. Annua pompa diei independentiae in capitali Americano Washington D.C. ob nimium calorem remissum est. Temperaturae supra 40 gradus hodie exspectantur. Alia quoque eventa in nexu cum quarto Iulij et CCL anniversario anno...,https://www.vrt.be/vrtnws/nl/2026/07/04/verenigde-staten-hitte-dwarsboomt-vieringen-250-jaar/,https://images.vrt.be/vrtnws_share/2026/07/04/7962f217-db40-4b8d-bf73-7234123d5c6c.jpg,,"De grote vuurwerkshow in Washington D.C. gaat naar verluidt wel door zoals gepland. Volgens de Amerikaanse overheid zal er een recordaantal vuurwerkpijlen worden afgeschoten, die ""de monumenten van d… [+685 chars]",,2026-07-06 17:59:01+00:00,random,,,
7b21255a9a07e504c363876fb8127609,2026-07-04T13:44:00Z,Heat Wave,hitte,businessam.be,nl,0.9,"Extreme Hitze stört den Unabhängigkeitstag: Feierlichkeiten in den USA wurden massenhaft abgesagt. Wichtige Erkenntnisse Aufgrund des extremen Wetters wurden zahlreiche Feierlichkeiten zum Unabhängigkeitstag in den Vereinigten Staaten abgesagt. Der Klimawandel führt dazu, dass diese extremen Wetterereignisse häufiger auftreten. Extreme Wetterbedingungen haben das Festival gestört…",Extreme hitte verstoort Onafhankelijkheidsdag: vieringen in VS massaal afgelast,Key takeaways Door het extreme weer zijn talrijke vieringen van Onafhankelijkheidsdag in de Verenigde Staten afgelast. Klimaatverandering zorgt ervoor dat die extreme weersomstandigheden steeds vaker voorkomen. Extreme weersomstandigheden hebben de festivitei…,"Extreme heat disrupts Independence Day: celebrations in the US canceled en masse. Key takeaways Due to the extreme weather, numerous Independence Day celebrations in the United States have been canceled. Climate change is making these extreme weather events more common. Extreme weather conditions have disrupted the festival…",Extremus calor Dies Libertatis dissolvit: celebrationes in US ob frequentes cassantur. Claves auferunt Ob nimiam tempestatem multae Dies Libertatis celebrationes in Civitatibus Foederatis Americae remissae sunt. Mutatio climatis haec extremae tempestatis eventus magis communis est faciens. Extremae tempestatum dies festos disiecerunt…,https://businessam.be/extreme-hitte-verstoort-onafhankelijkheidsdag-vieringen-in-vs-massaal-afgelast/,https://media.businessam.be/h_2.604731434475780394.jpg,,"Key takeaways
<ul><li>Door het extreme weer zijn talrijke vieringen van Onafhankelijkheidsdag in de Verenigde Staten afgelast.</li><li>Klimaatverandering zorgt ervoor dat die extreme weersomstandigh… [+2458 chars]",,2026-07-06 17:59:01+00:00,random,,,
24195da2b1b9c3120af646fd0d9bdce0,2026-07-04T14:32:00Z,Wildfire,bosbrand,businessam.be,nl,0.9,"Trump warnt am amerikanischen Unabhängigkeitstag vor dem Kommunismus. Wichtige Erkenntnisse Präsident Trump warnt davor, dass der Kommunismus die amerikanische Freiheit bedroht. Aufgrund der extremen Hitze werden entlang der gesamten Ostküste große Paraden und Jahrmärkte abgesagt. Katastrophale Waldbrände haben Tausende von Menschen verbrannt.",Trump waarschuwt voor communisme op Amerikaanse Onafhankelijkheidsdag,Key takeaways President Trump waarschuwt dat het communisme de Amerikaanse vrijheid bedreigt. Door extreme hitte worden grote optochten en kermissen langs de hele oostkust afgelast. Catastrofale bosbranden hebben in het westen van de Verenigde Staten duizende…,"Trump warns against communism on American Independence Day. Key takeaways President Trump warns that communism threatens American freedom. Due to extreme heat, major parades and fairs are being canceled along the entire east coast. Catastrophic wildfires have burned thousands of…","Trump monet contra communismum die Libertatis Americanae. Clavis takeaways Praeses Trump monet communismum periculum Americanum libertati esse. Ob nimium calorem, maiores pompae et nundinae per totam oram orientalem eliduntur. Exitiale wildfires milia ...",https://businessam.be/trump-waarschuwt-voor-communisme-op-amerikaanse-onafhankelijkheidsdag/,https://media.businessam.be/Donald-Trump-juni-2026-1.jpg,,"Key takeaways
<ul><li>President Trump waarschuwt dat het communisme de Amerikaanse vrijheid bedreigt.</li><li>Door extreme hitte worden grote optochten en kermissen langs de hele oostkust afgelast.<… [+1756 chars]",,2026-07-06 17:59:01+00:00,random,,,
d87d55a17cd6e6b0780e126c01dd1b8a,2026-07-04T15:11:50Z,Wildfire,bosbrand,www.vrt.be,nl,0.9,"Spanische Feuerwehr bekämpft Waldbrand an der Costa Brava, 2 Schwerverletzte in Portugal. LIVE Im Süden Europas herrscht eine beispiellose Hitzewelle und derzeit wüten mehrere Wald- und Naturbrände. Verfolgen Sie alle Updates zu den Waldbränden in diesem Live-Blog.","Spaanse brandweer strijdt tegen bosbrand aan Costa Brava, 2 zwaargewonden in Portugal",LIVE In het zuiden van Europa heerst een ongeziene hitte(golf) en woeden intussen verschillende bos- en natuurbranden. Volg alle updates over de bosbranden in deze liveblog.,"Spanish fire brigade battles forest fire on Costa Brava, 2 seriously injured in Portugal. LIVE There is an unprecedented heat wave in the south of Europe and several forest and nature fires are currently raging. Follow all updates about the forest fires in this live blog.","Ignis Hispaniensis LEGIO proelia silvae in Costa Brava incenderunt, 2 graviter laesi in Portugallia. LIVE Est inauditus calor fluctus in Europa australi et plures silvae et ignes naturae nunc furentes sunt. Sequere omnes updates de incendiis silvestribus in hoc diario vivo.",https://www.vrt.be/vrtnws/nl/liveblog/spaanse-brandweer-strijdt-tegen-bosbrand-aan-costa-brava-2-zwaa~1783176592077/,https://images.vrt.be/vrtnws_share/2026/07/04/33417347-fb7e-4e50-b176-94e58765d0c9.jpg,,"Er woedt een hevige brand in La Bisbal d'Empordà, een gemeente in de provincie Girona in Spanje. Dat is te zien op beelden van de Vlaamse Charlotte, die op vakantie is in Torre Valentina in Calogne a… [+500 chars]",,2026-07-06 17:59:01+00:00,random,,,
1fb3b4618553b7ccd3a60821465e3208,2026-07-05T00:27:08Z,Heat Wave,hitte,www.nrc.nl,nl,0.9,"Mbappés Elfmeter führt Frankreich am starken Paraguay vorbei ins Viertelfinale. Frankreich hat sich in der Nacht von Samstag auf Sonntag zum vierten Mal in Folge für das Viertelfinale qualifiziert. Das Land gewann dank eines Elfmeters von Kylian Mbappé mit 1:0 gegen Paraguay. Es war ein Spiel, das von der Hitze dominiert wurde (38 Grad…)",Strafschop van Mbappé loodst Frankrijk langs taai Paraguay naar kwartfinales,Frankrijk heeft zich in de nacht van zaterdag op zondag voor het vierde WK op rij geplaatst voor de kwartfinales. Het land won door een benutte strafschop van Kylian Mbappé met 1-0 van Paraguay. Het was een wedstrijd die werd gedomineerd door de hitte (38 gra…,Mbappé's penalty guides France past tough Paraguay to the quarter-finals. France qualified for the quarter-finals for the fourth World Cup in a row on the night from Saturday to Sunday. The country won 1-0 against Paraguay thanks to a penalty from Kylian Mbappé. It was a match dominated by the heat (38 degrees…,Mbappé poena Franciae praeteritae lentae Paraguay ad quartas finales ducit. Gallia aptissima est quadrantis finales in ordine ad quartum Calicem Mundi in nocte a die Sabbati ad Dominicam. Patria 1-0 contra Paraguayam ad poenam egit ab Kylian Mbappé. Par erat calor dominatus (38 gradus…,https://www.nrc.nl/nieuws/2026/07/05/strafschop-van-mbappe-loodst-frankrijk-langs-paraguay-naar-kwartfinales-a4931815,https://images.nrc.nl/6ZsWut8ZfDyJc8eBBI1QFkCmcQw=/1200x627/smart/filters:no_upscale()/s3/static.nrc.nl/wp-content/uploads/2026/07/05021939/ANP-562819931.jpg,,Frankrijk heeft zich in de nacht van zaterdag op zondag voor het vierde WK op rij geplaatst voor de kwartfinales. Het land won door een benutte strafschop van Kylian Mbappé met 1-0 van Paraguay. Het … [+2856 chars],,2026-07-06 17:59:01+00:00,random,,,
130cf327f53b435f9390727c8c509a95,2026-07-08T04:29:00Z,Heat Wave,hitte,businessam.be,nl,0.9,"Europa untersucht, welche finanziellen Risiken die Hitzewellen für Banken bedeuten. Wichtige Erkenntnisse: Die Europäische Bankenaufsichtsbehörde (EBA) entwickelt Rahmenwerke zur Quantifizierung finanzieller Risiken, die durch Hitze verursacht werden. Neue Stresstests werden die Stabilität der Banken sowohl gegenüber physischen Klimaschocks als auch gegenüber dem Übergang zu einer kohlenstoffarmen Wirtschaft bewerten ...",Europa onderzoekt welke financiële risico’s de hittegolven met zich meebrengen voor de banken,Key takeaways De Europese Bankautoriteit (EBA) ontwikkelt kaders om door hitte veroorzaakte financiële risico’s te kwantificeren. Nieuwe stresstests zullen de stabiliteit van banken toetsen aan zowel fysieke klimaatschokken als de overgang naar een koolstofar…,Europe is investigating what financial risks the heat waves pose to banks. Key takeaways The European Banking Authority (EBA) is developing frameworks to quantify financial risks caused by heat. New stress tests will assess banks' stability against both physical climate shocks and the low-carbon transition...,Europa quaerit quid pericula oeconomicae aestus ad ripas ponunt. Clavis aufert Auctoritas Europaeae Banking (EBA) compages enucleat ad quantitare pericula oeconomica quae ab aestu causantur. Novae accentus probationes perpendent stabilitatem riparum contra tam corporis impulsus climatis et transitum ignobilem.,https://businessam.be/europa-onderzoekt-welke-financiele-risicos-de-hittegolven-met-zich-meebrengen-voor-de-banken/,https://media.businessam.be/h_5.100912487.jpg,,"Key takeaways
<ul><li>De Europese Bankautoriteit (EBA) ontwikkelt kaders om door hitte veroorzaakte financiële risicos te kwantificeren.</li><li>Nieuwe stresstests zullen de stabiliteit van banken t… [+4438 chars]",,2026-07-10 21:37:12+00:00,random,,,
27dcdafe982a18ebcd8d2b4339f1d6b2,2026-07-07T10:08:37Z,Storm,stormvloed rottum,www.nrc.nl,nl,0.3,"Das Great Barrier Reef ist offiziell „nicht bedroht“ – in der Praxis ist es jedoch so. Australien: Da sich das größte Korallenriff der Welt als „widerstandsfähig“ erwiesen hat, wurde es von der UNESCO nicht als „gefährdet“ eingestuft. Aber es sind, sagen Wissenschaftler, die auch einen „Super-El Niño“ kommen sehen. „Es wird schrecklich sein, die Gre…“",Het Great Barrier Reef is formeel ‘niet bedreigd’ – maar in de praktijk wel,"Australië: Omdat het grootste koraalrif ter wereld ‘veerkrachtig’ is gebleken, is het door Unesco niet als ‘bedreigd’ beoordeeld. Maar dat is het wel, zeggen wetenschappers, die bovendien een ‘super-El Niño’ aan zien komen. „Het wordt verschrikkelijk, het Gre…","The Great Barrier Reef is formally 'not threatened' - but in practice it is. Australia: Because the world's largest coral reef has proven to be 'resilient', it has not been assessed as 'endangered' by UNESCO. But it is, say scientists, who also see a 'super El Niño' coming. “It's going to be terrible, the Gre…","Magnus Obex Reef formaliter 'non comminatur' - sed in usu est. Australia: Quia maximum scopulum corallium mundi esse probatum est 'molleum', non aestimatum est 'periclitari' ab UNESCO. Sed est, dicunt docti, qui etiam ""super El Niño"" vident adventum. “Terribile futurum est, Gre…",https://www.nrc.nl/nieuws/2026/07/07/het-great-barrier-reef-is-formeel-niet-bedreigd-maar-in-de-praktijk-wel-a4931978,https://images.nrc.nl/d-PP3U6f7rsIn8NHxv-L41FWok0=/1200x627/smart/filters:no_upscale()/s3/static.nrc.nl/wp-content/uploads/2026/07/06103704/060726BUI_2034994922_barrierreef.jpg,,"Het besluit om het Great Barrier Reef niet op de Unesco-lijst voor bedreigd werelderfgoed te zetten, stuit op onbegrip bij wetenschappers. Vrijdag besloot het VN-orgaan dat het grootste koraalrif ter… [+4989 chars]",,2026-07-12 11:39:52+00:00,wmo,Netherlands,NEU,Europe
a8f43aa2acf5ecff4b2e76d235b87b9c,2026-07-03T14:31:52Z,Drought,megadroogte,www.nrc.nl,nl,0.3,"„So kann es nicht weitergehen.“ Der immer strengere Ton des Bürgerbeauftragten Reinier van Zutphen. Nationaler Ombudsmann: Ombudsmann Reinier van Zutphen gab am Freitag seinen Rücktritt bekannt. In seinen Berichten verwies er oft auf unbeachtete Ratschläge: „Die Regierung hört nicht zu.“ Dies waren die wichtigsten Studien in den fast zwölf Jahren, die er…",‘Dit kan zo niet langer doorgaan.’ De steeds strengere toon van Ombudsman Reinier van Zutphen,Nationale Ombudsman: Ombudsman Reinier van Zutphen kondigde vrijdag zijn vertrek aan. In zijn rapporten verwees hij vaak naar niet-opgevolgde adviezen: „De overheid luistert niet.” Dit waren de belangrijkste onderzoeken in de bijna twaalf jaar dat hij deze fu…,'This cannot continue like this.' The increasingly strict tone of Ombudsman Reinier van Zutphen. National Ombudsman: Ombudsman Reinier van Zutphen announced his departure on Friday. In his reports he often referred to unheeded advice: “The government is not listening.” These were the most important studies in the almost twelve years that he…,"'Hoc non potest sic permanere.' Magis magisque severum Ombudsman Reinier van Zutphen sonum. National Ombudsman: Ombudsman Reinier van Zutphen profectionem Veneris denuntiavit. In his relationibus saepe ad consilium inauditum retulit: ""Imperium non audit"". Haec studia maximi momenti paene duodecim annis eo fuerunt.",https://www.nrc.nl/nieuws/2026/07/03/dit-kan-zo-niet-langer-doorgaan-de-steeds-strengere-toon-van-ombudsman-reinier-van-zutphen-a4931754,https://images.nrc.nl/IwpH96g3YQvBtZ7_6VOoSrVja-I=/1200x627/smart/filters:no_upscale()/s3/static.nrc.nl/wp-content/uploads/2026/07/03103112/030726VER_2034951503_zutphen.jpg,,"Vrijdag maakte Reinier van Zutphen (66) bekend dat hij op 1 april stopt als Nationale Ombudsman. Zijn tweede termijn loopt op die datum af, dan is hij twaalf jaar voorvechter geweest van burgers die … [+5936 chars]",,2026-07-12 21:26:03+00:00,random,,,
acd89b52555f2ad4bb1f1e2236c30a93,2026-07-06T15:36:24Z,Storm,stormvloed reg. 15 cordillera,www.nrc.nl,nl,0.3,"Großer Stromausfall in Tilburg aufgrund falscher Messwertanzeige. Stromausfall: Der große Stromausfall in Tilburg und Umgebung am Sonntagmorgen wurde durch ein Messgerät verursacht, das einen falschen Wert übermittelte. Aufgrund dieses hohen Wertes hat der Netzbetreiber Enexis Teile des Netzes vorübergehend abgeschaltet.",Grote stroomstoring in Tilburg veroorzaakt door foute meetweergave,Stroomstoring: De grote stroomstoring in Tilburg en omstreken van zondagochtend werd veroorzaakt door een meetinstrument dat een verkeerde waarde doorgaf. Vanwege die hoge waarde schakelde netbeheerder Enexis onderdelen van het net tijdelijk uit.,"Major power outage in Tilburg caused by incorrect measurement display. Power outage: The major power outage in Tilburg and the surrounding area on Sunday morning was caused by a measuring instrument that transmitted an incorrect value. Because of this high value, grid operator Enexis temporarily switched off parts of the grid.","Maior potestas outage in Tilburg per falsa mensurae ostentationis causata est. Potentia outage: Maior potestas outage in Tilburg et in circuitu regio die Dominico mane causatur instrumenti mensurae quae valorem incorreptum transmisit. Propter hoc magni pretii, enixum operator Enexis ad tempus partes malesuada euismod inflexas fecit.",https://www.nrc.nl/nieuws/2026/07/06/grote-stroomstoring-in-tilburg-veroorzaakt-door-foute-meetweergave-a4931878,https://images.nrc.nl/YWfs0u12bykUMg02sRJUZm0VasA=/1200x627/smart/filters:no_upscale()/s3/static.nrc.nl/wp-content/uploads/2026/07/06133425/ECO_2034995099_Stroomstoring.jpg,,"Een meetinstrument dat de verkeerde waarde doorgaf. Dat is de oorzaak van de grote stroomstoring in de omgeving van Tilburg van zondagochtend 5 juli, zegt een woordvoerder van Enexis, beheerder van h… [+3137 chars]",,2026-07-12 21:26:03+00:00,wmo,Chile,SWS,South-America
26049709c9a40f92c1a713e5019731bd,2026-07-09T07:48:57Z,Heat Wave,hittegolf,pal.be,nl,0.9,"Hitzewellen überall!. Wenn man alle Artikel in der Presse liest, ist es auf jedem Kontinent schlimmer als auf allen anderen Kontinenten. Reisen ist keine gute Idee, denn wohin Sie auch gehen, Sie werden in eine tödliche Hitzewelle geraten. Aber zu Hause bleiben ist auch keine Option. Im späten…",Overal hittegolven!,"Als je alle artikels in de pers leest, is het op élk continent erger dan op alle andere continenten. Op reis gaan is geen goed idee, want waar je ook heen gaat: overal kom je in een dodelijke hittegolf terecht. Maar thuisblijven is ook geen optie. In Het Laat…","Heat waves everywhere!. If you read all the articles in the press, it is worse on every continent than on all other continents. Traveling is not a good idea, because wherever you go, you will end up in a deadly heat wave. But staying home is not an option either. In The Late…","Undique aestus agite. Si omnes articulos in torculari legeris, peius est in omni continente quam in omnibus aliis continentibus. Iter non utile est, quia quocumque perrexeris, in letali aestu unda finies. Sed domi manens non est bene vel. In Late…",https://pal.be/2026/07/overal-hittegolven/,https://pal.be/wp-content/uploads/2023/09/shutterstock_image.jpg,,"Als je alle artikels in de pers leest, is het op élk continent erger dan op alle andere continenten. Op reis gaan is geen goed idee, want waar je ook heen gaat: overal kom je in een dodelijke hittego… [+1990 chars]",,2026-07-14 11:57:47+00:00,random,,,
6f6c0757dbcdf6f25d72891d7dcde200,2026-07-09T13:55:00Z,Heat Wave,hittegolf,androidworld.nl,nl,0.9,Neue Hitzewelle naht: Dieses Action-Gadget sorgt für Abkühlung. Es ist ein warmer Sommer und das Ende ist noch nicht in Sicht. Die Wetterberichte sagen eine neue Hitzewelle voraus. Ein kaltes Getränk kann der Hitze trotzen ... Lesen Sie mehr auf Androidworld.nl,Nieuwe hittegolf in aantocht: deze Action-gadget zorgt voor verkoeling,Het is een warme zomer en het einde is nog lang niet in zicht. De weerberichten voorspellen namelijk een nieuwe hittegolf. Het hebben van een koud drankje kan de hitte… Lees verder op Androidworld.nl,New heat wave approaching: this Action gadget provides cooling. It is a warm summer and the end is not yet in sight. The weather reports predict a new heat wave. Having a cold drink can beat the heat… Read more on Androidworld.nl,Novus calor fluctus appropinquans: haec actio gadget refrigerationem praebet. Aestas calida est et finis nondum est visus. Tempestas refert novos aestus undas praedicere. Frigus habens potum calore percutere potest… Read more in Androidworld.nl,https://androidworld.nl/aanbiedingen/action-slushy-maker/,https://androidworld.nl/wp-content/uploads/2026/07/black-friday-30.png,,Het is een warme zomer en het einde is nog lang niet in zicht. De weerberichten voorspellen namelijk een nieuwe hittegolf. Het hebben van een koud drankje kan de hitte een stuk aangenamer maken. Bij … [+2716 chars],,2026-07-14 11:57:47+00:00,random,,,
a6d9dbe74bcf985d3270faf1f0cca640,2026-07-10T11:34:00Z,Heat Wave,hittegolf,newsmonkey.be,nl,0.9,"Waldbrand in Spanien forderte 11 Todesopfer während schwerer Hitzewelle in Almería. In Kürze Bei einem verheerenden Waldbrand in der Provinz Almeria in Südspanien sind während einer schweren Hitzewelle elf Menschen ums Leben gekommen. Antonio Sanz, der regionale Katastrophenkoordinator, beschrieb das Ereignis als eine riesige Tragödie beispiellosen Ausmaßes …",Bosbrand in Spanje eist 11 levens tijdens zware hittegolf in Almería,"In het kort Een verwoestende bosbrand in de provincie Almería in Zuid-Spanje heeft 11 dodelijke slachtoffers geëist, tijdens een zware hittegolf. Antonio Sanz, de regionale rampencoördinator, omschreef de gebeurtenis als een enorme tragedie van ongekende omva…","Forest fire in Spain claims 11 lives during severe heat wave in Almería. In brief A devastating forest fire in the province of Almeria in southern Spain has claimed 11 lives during a severe heat wave. Antonio Sanz, the regional disaster coordinator, described the event as a huge tragedy of unprecedented proportions...","Silvae ignis in Hispania petit 11 in gravi aestu undae in Almería vivit. In brevi vastata silva ignis in provincia Almeriae in Hispania australi 11 vitam vindicavit in gravi aestu fluctu. Antonio Sanz, calamitatis regionalis coordinatoris, eventum descripsit ut ingens tragoedia proportionum novarum...",https://newsmonkey.be/bosbrand-in-spanje-eist-11-levens-tijdens-zware-hittegolf-in-almeria/,https://media.newsmonkey.be/2026/07/FotoJet-17.jpg,,"In het kort
<ul><li>Een verwoestende bosbrand in Spanje heeft 11 mensen het leven gekost tijdens een zware hittegolf.</li><li>Hulpdiensten hebben 50 mensen geëvacueerd terwijl de vlammen door de uit… [+1716 chars]",,2026-07-14 11:57:47+00:00,random,,,
c66bbbe096e58291c640215d7cf3c6de,2026-07-11T05:59:00Z,Heat Wave,hittegolf,www.tvl.be,nl,0.9,"Maupertuus zieht in zwei Wochen mehr als 11.000 Besucher an. Das Freibad Maupertuus in Wellen hat einen Rekordstart hingelegt. In nur vierzehn Tagen besuchten 11.432 Besucher. Das Schwimmbad wurde Mitte Juni, kurz vor der ersten Hitzewelle, eröffnet. Auch das ungeheizte Wasser erreichte eine Rekordtemperatur von 28 Grad…",Maupertuus lokt ruim 11.000 bezoekers in twee weken,"Openluchtzwembad Maupertuus in Wellen heeft een recordstart achter de rug. In amper veertien dagen kwamen er 11.432 bezoekers over de vloer.­Het zwembad opende half juni, vlak voor de eerste hittegolf. Ook het onverwarmde water bereikte met 28 graden een reco…","Maupertuus attracts more than 11,000 visitors in two weeks. Maupertuus open-air swimming pool in Wellen has had a record start. In just fourteen days, 11,432 visitors visited. The swimming pool opened in mid-June, just before the first heat wave. The unheated water also reached a record temperature of 28 degrees…","Maupertuus plus quam 11.000 visitatores duas hebdomades trahit. Maupertuus in Wellen piscinam aeream apertam recordum initium habuit. Mox quattuordecim dies visitatores 11,432 visitaverunt. Piscina medio mense Iunio sub primam aestus undam aperuit. Aqua non exaquata etiam temperiem 28 graduum attingit.",https://www.tvl.be/nieuws/maupertuus-lokt-ruim-11000-bezoekers-in-twee-weken-181876,https://shared.tvl.be/ext/tvl/w1200/20260711-001-8347.jpg?t=1783756744,,"Openluchtzwembad Maupertuus in Wellen heeft een recordstart achter de rug. In amper veertien dagen kwamen er 11.432 bezoekers over de vloer.
Het zwembad opende half juni, vlak voor de eerste hittego… [+225 chars]",,2026-07-14 11:57:47+00:00,random,,,
636344cf18241ad711e119ef5f18eddc,2026-07-11T12:41:52Z,Heat Wave,hitte,www.tvl.be,nl,0.9,"Mit 30.000 Besuchern in einer Hitzewelle wird Limburg Pride zum Stresstest für die Organisation. Hasselt zählt den Countdown zur zweiten Ausgabe der Limburg Pride herunter, die morgen stattfinden wird. Aufgrund der vorhergesagten Hitze ergreift die Organisation zusätzliche Maßnahmen. Zusätzliche Wasserstellen, Sonnenschutz- und Schattenbereiche wurden bereitgestellt, um die Besucher zu ermutigen…",Met 30.000 bezoekers in hittegolf wordt Limburg Pride stresstest voor organisatie,"In Hasselt wordt volop afgeteld naar de tweede editie van de Limburg Pride, die morgen plaatsvindt. Door de voorspelde hitte neemt de organisatie extra maatregelen. Er zijn onder meer extra waterpunten, zonnecrème en schaduwplaatsen voorzien om bezoekers verk…","With 30,000 visitors in a heat wave, Limburg Pride becomes a stress test for the organization. Hasselt is counting down to the second edition of Limburg Pride, which will take place tomorrow. Due to the predicted heat, the organization is taking extra measures. Additional water points, sunscreen and shade areas have been provided to encourage visitors…","Cum 30,000 visitatores in fluctu aestuante, Limburg superbia fit accentus test pro ordinatione. Hasselt computat usque ad editionem secundam Limburgensem Superbiam, quae cras fient. Ob calorem praedictum, ordo extra mensuras accipit. Additae aquae puncta, sunscreen et umbra areas provisae sunt ad fovendos hospites…",https://www.tvl.be/nieuws/met-30000-bezoekers-in-hittegolf-wordt-limburg-pride-stresstest-voor-organisatie-181880,https://shared.tvl.be/ext/tvl/w1200/20260711-001-5051.jpg?t=1783780878,,"We onderscheiden volgende types cookies, naargelang hun doeleinden:
Wij gebruiken dus enerzijds onze eigen cookies en anderzijds cookies van zorgvuldig geselecteerde partners met wie we samenwerken.… [+91 chars]",,2026-07-14 11:57:47+00:00,random,,,
4785d959123b33bd7e1fe2f6582dc857,2026-07-11T13:48:03Z,Heat Wave,hittegolf,www.tvl.be,nl,0.9,"Lange Hitzewelle im Anmarsch, tropisch an diesem Wochenende. Der FÖD Volksgesundheit hat die gelbe Warnphase des Nationalen Ozon- und Hitzeplans für Limburg eingeführt, zumindest bis Donnerstag. Und das, weil die Temperaturen in den kommenden Tagen die 32-Grad-Marke überschreiten werden. Also eine weitere Hitzewelle, die dritte...","Lange hittegolf in de maak, dit weekend tropisch","De FOD Volksgezondheid stelt voor Limburg de waarschuwingsfase geel in van &nbsp;het Nationaal Ozon- en Hitteplan, al zeker tot en met donderdag. En dat omdat de temperaturen de komende dagen boven 32 graden gaan uitkomen. Opnieuw een hittegolf dus, de derde …","Long heat wave in the making, tropical this weekend. The FPS Public Health has introduced the yellow warning phase of the National Ozone and Heat Plan for Limburg, at least until Thursday. And that because temperatures will exceed 32 degrees in the coming days. So another heat wave, the third...","Longus calor in faciendo unda, tropica est volutpat huius. FPS Salus Publica fulvum tempus Monitionis Nationalis Ozonis et Caloris Plan Limburgi induxit, saltem usque ad diem Iovis. Et hoc quia temperaturas excedunt 32 gradus in diebus venturis. Sic calor alius fluctus, tertius...",https://www.tvl.be/nieuws/lange-hittegolf-in-de-maak-dit-weekend-tropisch-181884,https://shared.tvl.be/ext/tvl/w1200/20260711-001-3472.jpg?t=1783784753,,"De FOD Volksgezondheid stelt voor Limburg de waarschuwingsfase geel in van  het Nationaal Ozon- en Hitteplan, al zeker tot en met donderdag. En dat omdat de temperaturen de komende dagen boven 32 gra… [+103 chars]",,2026-07-14 11:57:47+00:00,random,,,
c956a26659ce320b06cf80b8bd81cb40,2026-07-13T03:00:00Z,Heat Wave,hittegolf,www.nrc.nl,nl,0.9,"Wie Hitze die Ungleichheit zwischen Stadtbewohnern erhöht. Es ist heiß und es wird heißer. Der Juni war der heißeste Monat aller Zeiten in Westeuropa und Experten sagen, dass wir bald von Hitzewelle zu Hitzewelle springen werden. An einem der heißesten Tage dieses Jahres fuhr Reporter Freek Schravezande mit dem Fahrrad des öffentlichen Nahverkehrs durch Amersfoort. W…",Hoe hitte de ongelijkheid tussen inwoners van een stad vergroot,Het is heet en het wordt steeds heter. Juni was de warmste maand ooit in West-Europa en experts zeggen we hoppen straks van hittegolf naar hittegolf. Verslaggever Freek Schravezande ging per OV fiets door Amersfoort op een van de warmste dagen van dit jaar. W…,How heat increases inequality between city residents. It's hot and it's getting hotter. June was the hottest month ever in Western Europe and experts say we will soon be hopping from heat wave to heat wave. Reporter Freek Schravezande went through Amersfoort by public transport bicycle on one of the hottest days of this year. W…,Quomodo calor inaequalitas inter incolas civitatis augetur. Calet et acrior est questus. Mensis Iunius semper calidissimus fuit in Europa occidentali et periti dicunt nos mox futurum esse ab aestu fluctuanti ad aestum fluctuantem. Notario Freek Schravezande per Amersfoort birota publica oneraria publica in unum ex calidissimis huius anni diebus abiit. W…,https://www.nrc.nl/nieuws/2026/07/13/hoe-hitte-de-ongelijkheid-tussen-inwoners-van-een-stad-vergroot-a4932350,https://images.nrc.nl/external/5ZOv-1Td_BpmCQVfJBtaszZNYgE=/1200x627/smart/filters:no_upscale()/https://content.production.cdn.art19.com/images/98/0a/a6/3f/980aa63f-ff8e-4c40-89f6-bdee57b90580/24b59fe38ab8309575e4bcc3ca1781e5413cd989c2d7f896c2b34899f8788550452f13fb1c7a43fcd9cdc4d892a53794c2db91e0894c2f8ff4605eff90bc5e9c.jpeg,,Het is heet en het wordt steeds heter. Juni was de warmste maand ooit in West-Europa en experts zeggen we hoppen straks van hittegolf naar hittegolf. Verslaggever Freek Schravezande ging per OV fiets… [+545 chars],,2026-07-14 11:57:47+00:00,random,,,
4f3bf2b8333fbfdf83dd88db8ea1358b,2026-07-13T03:00:39Z,Wildfire,bosbrand,www.nrc.nl,nl,0.9,Großer Flächenbrand südöstlich von Paris. Hunderte Feuerwehrleute bekämpfen einen großen Waldbrand im Wald von Fontainebleau südöstlich von Paris. Das Feuer hat sich auf rund 800 Hektar ausgebreitet und ist noch nicht unter Kontrolle. Das Feuer brach am Sonntagnachmittag im Naturschutzgebiet aus und erstreckte sich über eine Fläche von etwa 60 Kilometern.,Grote natuurbrand ten zuidoosten van Parijs,"Honderden brandweerlieden bestrijden een grote bosbrand in het bos van Fontainebleau, ten zuidoosten van Parijs. Het vuur heeft zich verspreid over zo’n 800 hectare en is nog niet onder controle. De brand brak zondagmiddag uit in het natuurgebied, zo’n 60 kil…","Large wildfire southeast of Paris. Hundreds of firefighters are battling a large forest fire in the Fontainebleau forest, southeast of Paris. The fire has spread over about 800 hectares and is not yet under control. The fire broke out in the nature reserve on Sunday afternoon, weighing about 60 kilometres...","Ferum meridiem magnum Paris. Centum ignium pugnantes magnam silvam in silva Fontainebleau, ad meridiem Parisiensem, certant. Ignis per circiter 800 hectares diffusus est et nondum in potestate est. Ignis in subsidiis naturae die dominico pomeridiano exarsit, pondo circiter LX chiliometrorum.",https://www.nrc.nl/nieuws/2026/07/13/grote-natuurbrand-ten-zuidoosten-van-parijs-a4932349,https://images.nrc.nl/yw5iX9wifk_Pl-BWlTtdRBg-Tyk=/1200x627/smart/filters:no_upscale()/s3/static.nrc.nl/wp-content/uploads/2026/07/13074909/130726VER_2035160483_branden.jpg,,"Honderden brandweerlieden bestrijden een grote bosbrand in het bos van Fontainebleau, ten zuidoosten van Parijs. Het vuur heeft zich verspreid over zon 800 hectare en is nog niet onder controle.
De … [+1110 chars]",,2026-07-14 11:57:47+00:00,random,,,
a1c373809db1c3b4dd79052ae0212202,2026-07-13T08:34:08Z,Heat Wave,hitte,www.tvl.be,nl,0.9,"„Belgien ist nicht ausreichend auf die Waldbrandgefahr vorbereitet.“ Waldbrände haben in den vergangenen Tagen und Wochen in Südfrankreich und Spanien große Schäden angerichtet. Da wir uns in diesem Jahr bereits in unserer dritten Hitzewelle befinden, besteht die reale Gefahr, dass wir auch in den Limburger Heide- und Waldgebieten auf Brände stoßen...","""België is onvoldoende voorbereid op natuurbrandrisico""","Bosbranden hebben de voorbije dagen en weken grote schade toegebracht in het zuiden van Frankrijk en Spanje. Aangezien wij al aan onze derde hittegolf toe zijn dit jaar, is het risico dan reëel dat wij ook met brand in de Limburgse heide- en bosgebieden te ma…","""Belgium is insufficiently prepared for wildfire risk."" Forest fires have caused extensive damage in the south of France and Spain in recent days and weeks. Since we are already in our third heat wave this year, there is a real risk that we will also encounter fire in the Limburg heathland and forest areas...","""Belgium satis paratur periculo ignem ferum."" Incendia silvae in Gallia et Hispania proximis diebus et hebdomadibus magnum damnum intulerunt. Cum iam in tertio aestu aestus nostro hoc anno erimus, verum periculum est quod etiam incendium in balaviae et saltibus locis... occurremus.",https://www.tvl.be/nieuws/belgie-is-onvoldoende-voorbereid-op-natuurbrandrisico-181900,https://shared.tvl.be/ext/tvl/w1200/20260712-001-1064.jpg?t=1783938857,,"We onderscheiden volgende types cookies, naargelang hun doeleinden:
Wij gebruiken dus enerzijds onze eigen cookies en anderzijds cookies van zorgvuldig geselecteerde partners met wie we samenwerken.… [+91 chars]",,2026-07-14 11:57:47+00:00,random,,,
3dfea5ea3a0920c2419d6cccc8bf1d4f,2026-07-13T09:26:00Z,Wildfire,bosbrand,newsmonkey.be,nl,0.9,"Riesiger Waldbrand zerstört 800 Hektar Wald in der Nähe von Paris. Kurz gesagt: Im Wald von Fontainebleau, etwa 60 Kilometer südöstlich von Paris, ist ein riesiger Waldbrand ausgebrochen. Das Feuer, das die Behörden als sehr intensiv und in seiner Größe beispiellos beschreiben, begann am Sonntagnachmittag und zerstörte schnell 800 Hektar...",Gigantische bosbrand verwoest 800 hectare bos bij Parijs,"In het kort Er is een enorme bosbrand uitgebroken in het bos van Fontainebleau, zo’n 60 kilometer ten zuidoosten van Parijs. De brand, die de autoriteiten omschrijven als zeer hevig en ongekend groot, begint zondagmiddag en verwoest in korte tijd 800 hectare …","Giant forest fire destroys 800 hectares of forest near Paris. In short A huge forest fire has broken out in the Fontainebleau forest, about 60 kilometers southeast of Paris. The fire, which authorities describe as very intense and unprecedented in size, started on Sunday afternoon and quickly destroyed 800 hectares...","Ingens silva ignis 800 hectares silvae prope Parisios destruit. In summa silva ingens ignis in silva Fontainebleau erupit circiter LX chiliometra meridiem Parisiense. Ignis, quem auctoritates valde intensum et inusitatum describunt magnitudine, die dominico pomeridiano incepit et octingenta hectares velociter delevit.",https://newsmonkey.be/gigantische-bosbrand-verwoest-800-hectare-bos-bij-parijs/,https://media.newsmonkey.be/2026/05/matt-howard-eAKDzK4lo4o-unsplash-scaled.jpg,,"In het kort
<ul><li>Een enorme bosbrand heeft 800 hectare van het bos van Fontainebleau verwoest.</li><li>Hulpdiensten hebben zeldzame blusvliegtuigen ingezet om de agressieve brand te bestrijden.</… [+2026 chars]",,2026-07-14 11:57:47+00:00,random,,,
1f6af4c999b2c02cafb8111114b0bbe8,2026-07-13T11:18:26Z,Heat Wave,hitte,www.tvl.be,nl,0.9,"Code Orange für Brandgefahr ab 16 Uhr. in ganz Flandern. Ab 16 Uhr gilt in Limburg und im übrigen Flandern der Code Orange für Waldbrandgefahr. Aufgrund der Hitzewelle, des Ausbleibens nennenswerter Niederschläge und der austrocknenden Vegetation wurde die Warnung verschärft. Code Orange bedeutet ein hohes Risiko von Nässe…",Code oranje voor brandgevaar vanaf 16 uur in heel Vlaanderen,"Vanaf 16 uur geldt in Limburg en de rest van Vlaanderen code oranje voor natuurbrandgevaar. De waarschuwing wordt opgeschaald door de hittegolf, het uitblijven van betekenisvolle neerslag en de uitdrogende vegetatie.Code oranje betekent een hoog risico op nat…","Code orange for fire danger from 4 p.m. throughout Flanders. From 4 p.m., code orange applies in Limburg and the rest of Flanders for wildfire danger. The warning has been scaled up due to the heat wave, the lack of significant precipitation and the drying vegetation. Code orange means a high risk of wet…","Code orange for ignis periculum a 4 a.m. per Flandriam. Ex 4 a.m., codice aurantiaco in Limburgensi et ceteris Flandriae ad ignem ferum applicatis. Cautio scalis ob undam caloris, defectus significativae praecipitationis et desiccandi herbae. Code orange significat magno periculo infectum ...",https://www.tvl.be/nieuws/code-oranje-voor-brandgevaar-vanaf-16-uur-in-heel-vlaanderen-181907,https://shared.tvl.be/ext/tvl/w1200/20260713-001-5889.jpg?t=1783948525,,"Vanaf 16 uur geldt in Limburg en de rest van Vlaanderen code oranje voor natuurbrandgevaar. De waarschuwing wordt opgeschaald door de hittegolf, het uitblijven van betekenisvolle neerslag en de uitdr… [+354 chars]",,2026-07-14 11:57:47+00:00,random,,,
1259bf425886043ad984da4ed27a89b5,2026-07-02T15:00:00Z,Precipitation,zware regen,newsmonkey.be,nl,0.9,"Schwere Stürme haben Polen heimgesucht und große Schäden verursacht. Kurz gesagt, Polen wurde am Mittwoch von Unwettern heimgesucht, die die Rettungsdienste mit der Bearbeitung von etwa 3.000 Notrufen zwangen. Nach einer Periode beispielloser Hitze kam es im Land zu heftigen Stürmen, die von sintflutartigen Regenfällen und starken Winden geprägt waren...",Zware stormen teisteren Polen en veroorzaken wijdverspreide schade,"In het kort Woensdag werd Polen geteisterd door zwaar weer, waardoor hulpdiensten ongeveer 3.000 spoedmeldingen moesten afhandelen. Na een periode van ongekende hitte kreeg het land te maken met hevige stormen, gekenmerkt door stortregens en krachtige windsto…","Severe storms hit Poland, causing widespread damage. In short, Poland was hit by severe weather on Wednesday, forcing emergency services to deal with approximately 3,000 emergency calls. After a period of unprecedented heat, the country experienced violent storms, characterized by torrential rain and strong winds...","Tempestates graves Poloniam feriunt, latissime laedunt. In summa, Polonia gravibus tempestatibus die mercurii percussa est, servitia subitis urgere ut cum circiter 3,000 subitis vocat. Post spatium inauditi caloris, regiones violentas tempestates expertae sunt, quae sunt pluviae et validae ventorum torrens.",https://newsmonkey.be/zware-stormen-teisteren-polen-en-veroorzaken-wijdverspreide-schade/,https://media.newsmonkey.be/2026/07/pexels-jakubzerdzicki-20404640-scaled.jpg,,"In het kort
<ul><li>Door de zware stormen kwamen er in heel Polen 3.000 noodoproepen binnen.</li><li>Harde wind en hagel vernielden daken en zorgden ervoor dat duizenden mensen zonder stroom kwamen … [+2085 chars]",,2026-07-14 21:32:50+00:00,random,,,
c49ff40aa346c8245fe33402f8addaae,2026-07-07T12:35:54Z,Thunderstorm,hagel,www.emerce.nl,nl,0.9,Vom Schießen mit Schrot bis zum gezielten Verkauf mit signalbasiertem Marketing. Kaltakquise und wahllose Werbung sind passé. Mit neuen signalbasierten Marketingtechnologien können Unternehmen schneller auf die Bedürfnisse potenzieller Kunden reagieren.,Van schieten met hagel naar gerichte sales met Signal-based Marketing,Koud bellen en lukraak adverteren zijn passé. Met nieuwe signal-based marketingtechnologie spelen bedrijven sneller in op de behoefte van potentiële […],"From shooting with buckshot to targeted sales with Signal-based Marketing. Cold calling and indiscriminate advertising are passé. With new signal-based marketing technology, companies respond more quickly to the needs of potential […]","Ex mittendo buckshot iaculis venditiones cum signo Marketing substructio. Frigida vocans et indiscreta vendo sunt passé. Cum novis technologiae technologiae signo-substructis, societates celerius ad necessitates potentiae respondent […]",https://www.emerce.nl/videos/schieten-hagel-gerichte-sales-signalbased-marketing,https://www.emerce.nl/content/uploads/2026/07/pexels-ds-stories-6990036-1-scaled.jpg,,Koud bellen en lukraak adverteren zijn passé. Met nieuwe signal-based marketingtechnologie spelen bedrijven sneller in op de behoefte van potentiële klanten. Zij zetten digitale voetafdrukken zoals d… [+556 chars],,2026-07-14 21:32:50+00:00,random,,,
5e7d0e2fde73493747b90bef8b037e6f,2026-07-05T17:30:00Z,Snow&Ice,ijskoud Nieuw-Zeeland,www.nrc.nl,nl,0.2,"„Die Kritik an der Industrialisierung der Landwirtschaft – auch der Landwirte selbst – wurde von der Politik viel zu lange ignoriert.“ Amber Streichwold | Agrar- und Lebensmittelhistorikerin: Die Intensivierung der Landwirtschaft nach dem Zweiten Weltkrieg ist viel weniger offensichtlich, als man denkt, sagt die Agrar- und Lebensmittelhistorikerin Amber Sriekwold. Auch Landwirte übten viel Kritik an der Maßnahme.",‘De kritiek op de industrialisatie van de landbouw – óók die van boeren zelf – is veel te lang genegeerd door de politiek’,"Amber Striekwold | landbouw- en voedingshistorica: De intensivering van de landbouw na de Tweede Wereldoorlog is veel minder vanzelfsprekend dan mensen denken, zegt landbouw- en voedingshistorica Amber Striekwold. Ook boeren hebben veel kritiek gehad op de sc…","'The criticism of the industrialization of agriculture - including that of farmers themselves - has been ignored by politicians for far too long.' Amber Striekwold | agricultural and food historian: The intensification of agriculture after the Second World War is much less obvious than people think, says agricultural and food historian Amber Striekwold. Farmers have also had a lot of criticism of the sc…","""Censura industrialis agriculturae - inter ipsos agricolae - a politicis nimis diu neglecta est"". Amber Striekwold | agriculturae et cibus historicus: Intensio agriculturae post Secundum Bellum Orbis Terrarum multo minus manifesta est quam homines putant, dicit historicus Amber Striekwold cibum et agriculturam. Agricolae quoque multum reprehensionis sc…",https://www.nrc.nl/nieuws/2026/07/05/de-kritiek-op-de-industrialisatie-van-de-landbouw-ook-die-van-boeren-zelf-is-veel-te-lang-genegeerd-door-de-politiek-a4931015,https://images.nrc.nl/HmbQVscV7qnEG1jIhgMisnxFpmQ=/1200x627/smart/filters:no_upscale()/s3/static.nrc.nl/wp-content/uploads/2026/06/29170244/300626BIN_2034469733_Striekwold02.jpg,,"Historica Amber Striekwold (31) dacht altijd dat ze wel wist hoe het boerenleven zich had ontwikkeld in Nederland. Na de Tweede Wereldoorlog, de Hongerwinter vers in het geheugen, vond via ruilverkav… [+9667 chars]",,2026-07-15 21:32:01+00:00,wmo,New Zealand,NZ,Oceania
24e0ff18b125f9b46c8edac5108296f8,2026-07-10T15:01:37Z,Drought,droogte gabon,www.nrc.nl,nl,0.3,Todesfälle bei Waldbränden im trockenen und trockenen Süden Spaniens; Von der Außenwelt abgeschottetes Dorf. Vierzig Grad: Mindestens elf Menschen sind bei Waldbränden in Südspanien ums Leben gekommen. Mehr als tausend Menschen verließen schließlich ihre Häuser.,Doden bij natuurbranden in dor en droog Zuid-Spanje; dorp afgesloten van de buitenwereld,Veertig graden: Zeker elf mensen zijn omgekomen bij natuurbranden in Zuid-Spanje. Meer dan duizend mensen hebben uiteindelijk hun huis verlaten.,Deaths in wildfires in arid and dry southern Spain; village closed off from the outside world. Forty degrees: At least eleven people have died in wildfires in southern Spain. More than a thousand people eventually left their homes.,Funes sunt in arido et sicco in Hispania australi; villa ab exterioribus clauditur. Quadraginta gradus: Saltem undecim homines in Hispania australi in incendiis mortui sunt. Plus quam mille homines tandem domos suas reliquerunt.,https://www.nrc.nl/nieuws/2026/07/10/doden-bij-natuurbranden-in-dor-en-droog-zuid-spanje-dorp-afgesloten-van-de-buitenwereld-a4932263,https://images.nrc.nl/Bz0xAsUx87hWw4XFl3S-1VWHwTo=/1200x627/smart/filters:no_upscale()/s3/static.nrc.nl/wp-content/uploads/2026/07/10152112/100726VER_2035140426_1.jpg,,"Boven het geluid van het vuur dat meters bos en grond wegvreet, is het snerpende geluid van de cicaden nog nét te horen. Videos van ooggetuigen tonen hoe de natuurbrand in de Zuid-Spaanse provincie A… [+3262 chars]",,2026-07-15 21:32:01+00:00,edo,Gabon,CAF,Africa
7cd164c783c486d097b6468a1fcea34d,2026-07-14T10:42:43Z,Drought,droogte suriname,www.tvl.be,nl,0.3,"Für ganz Limburg gilt ein vorübergehendes Abzugsverbot. Ab morgen, Mittwoch, 15. Juli, gilt in ganz Limburg ein vorübergehendes Verbot der Wasserentnahme aus nicht schiffbaren Wasserstraßen und öffentlichen Kanälen. Gouverneur Jos Lantmeeters weitet das bestehende Verbot auf die gesamte Provinz aus, da die Dürre anhält...",Heel Limburg onder tijdelijk onttrekkingsverbod,"Vanaf morgen, woensdag 15 juli, geldt in heel Limburg een tijdelijk onttrekkingsverbod voor water uit onbevaarbare waterlopen en publieke grachten. Gouverneur Jos Lantmeeters breidt het bestaande verbod uit naar de volledige provincie omdat de droogte blijft …","The whole of Limburg is under a temporary withdrawal ban. From tomorrow, Wednesday 15 July, a temporary ban on abstraction of water from non-navigable waterways and public canals will apply throughout Limburg. Governor Jos Lantmeeters is expanding the existing ban to the entire province because the drought continues...","Totum Limburgum sub tempus subtrahitur banno. A crastinum, die mercurii XV mensis Iulii, bannum temporale in abstractione aquae a fluminibus navigabilibus et canalibus publicis per Limburgum applicabitur. Praefectus Jos Lantmeeters existens bannum toti provinciae dilatat quia siccitas pergit...",https://www.tvl.be/nieuws/heel-limburg-onder-tijdelijk-onttrekkingsverbod-181921,https://shared.tvl.be/ext/tvl/w1200/20260714-001-3672.jpg?t=1784032676,,"Vanaf morgen, woensdag 15 juli, geldt in heel Limburg een tijdelijk onttrekkingsverbod voor water uit onbevaarbare waterlopen en publieke grachten. Gouverneur Jos Lantmeeters breidt het bestaande ver… [+1443 chars]",,2026-07-15 21:32:01+00:00,edo,Suriname,NSA,South-America
9e5601779dacd1cfb51a60bed281bb76,2026-07-14T10:26:00Z,Volcano,vulkaan,www.nrc.nl,nl,0.9,"„Die isländischen Gletscher sind krank, sie bekommen nicht genug zu essen.“ Schmelzende Gletscher: Jede Sekunde schmilzt der Schnee und das Eis eines Schiffscontainers von einem der großen Gletscher Islands. Das schnellere Kalben der Eiskappen hat weitreichende Folgen. „Erinnern Sie sich an die Vulkanausbrüche im Jahr 2010, als es keine… gab?","‘De IJslandse gletsjers zijn ziek, ze krijgen niet genoeg te eten’","Smeltende gletsjers: Elke seconde smelt er een scheepscontainer aan sneeuw en ijs van een van de grote gletsjers in IJsland. De snellere afkalving van de ijskappen heeft grote gevolgen. „Herinner je je de vulkaanuitbarstingen in 2010 nog, toen er in Europa ni…","“The Icelandic glaciers are sick, they don't get enough to eat.” Melting glaciers: Every second, a shipping container's worth of snow and ice melts from one of Iceland's large glaciers. The faster calving of the ice caps has major consequences. “Do you remember the volcanic eruptions in 2010, when there was no…","""Icelandicis molibus aegrotant, non satis comedunt."" Moles liquescens: Omnis secunda, navis continens pretium nivis et glaciei ab uno Islandiae magnis molibus liquescit. Velocius partus galerum glaciei maioris consecutiones habet. “Meministine eruptiones vulcanicae in 2010, cum nulla erat…",https://www.nrc.nl/nieuws/2026/07/14/de-ijslandse-gletsjers-zijn-ziek-ze-krijgen-niet-genoeg-te-eten-a4931691,https://images.nrc.nl/S_cJCkliJEgUfVlli-HV3EWqT7k=/1200x627/smart/filters:no_upscale()/s3/static.nrc.nl/wp-content/uploads/2026/07/13114454/100726BUI_2034076675_1-1.jpg,,"Over twintig jaar zal het ijs hier verdwenen zijn, voorspelt Snævarr Gudmundsson op een zonnige dag. Hij staat aan een gletsjertong Fláajökull, onderdeel van IJslands grootste gletsjer Vatnajökull, e… [+7855 chars]",,2026-07-15 21:32:01+00:00,random,,,
f2d591d5867f3818019cc678cd0323fa,2026-07-12T14:08:48Z,ice jam,overstromingen,www.nrc.nl,nl,0.9,"Die Spuren des Hochwassers im Ahrtal waren noch lange auf den Weinflaschen zu sehen. Überschwemmungen: Fünf Jahre nach dem schweren Hochwasser, bei dem in Deutschland 184 Menschen ums Leben kamen, sind die Folgen im Ahrtal noch immer sichtbar. Über die Ursachen wurde viel spekuliert, einige Experten verweisen auf den Weinbau. „Ich glaube, es war einfach weit …“",De sporen van de watersnood in het Ahrdal waren nog lang op de wijnflessen te zien,"Overstromingen: Vijf jaar na de hevige overstromingen, waarbij in Duitsland 184 doden vielen, zijn de gevolgen in het Ahrdal nog steeds zichtbaar. Over de oorzaken is veel gespeculeerd, sommige deskundigen wezen op de wijnbouw. „Volgens mij was het gewoon ver…","The traces of the flood in the Ahr valley could still be seen on the wine bottles for a long time. Floods: Five years after the heavy floods, which killed 184 people in Germany, the consequences are still visible in the Ahr valley. There has been much speculation about the causes, with some experts pointing to viticulture. “I think it was just far…","Vestigia diluvii in Ahr valle adhuc in utribus vinis diu cerni potuerunt. Inundationes: Quinque annis post graves inundationes, quae 184 homines in Germania occiderunt, consectaria adhuc apparent in valle Ahr. Multum circa causas speculatio fuit, cum nonnullis peritis ad viticulturam demonstrantibus. ""Puto tantum ...",https://www.nrc.nl/nieuws/2026/07/12/de-sporen-van-de-watersnood-in-het-ahrdal-waren-nog-lang-op-de-wijnflessen-te-zien-a4929252,https://images.nrc.nl/VYmSj60K5wFuWY90mzLQVfpXoQM=/1200x627/smart/filters:no_upscale()/s3/static.nrc.nl/wp-content/uploads/2026/07/12150805/120726BUI_2033838915_OverstromingenDuitsland01.jpg,,"De dag dat de trein weer reed was een soort nationale feestdag, lacht wijnmaker Julia Bertram. Sinds december 2025 rijdt er weer een lokaal treintje langs de dorpen in het Ahrdal, elektrisch en op en… [+7621 chars]",,2026-07-16 12:03:46+00:00,random,,,
706139f09640e426fefc73ffc0df540d,2026-07-16T05:32:18Z,Precipitation,stortbui jal,jeugdjournaal.nl,nl,0.3,"Nachrichtenalarm: Argentinien im Finale + Unsichere Badestellen. Gooooooo guter Morgen! Der Moment, auf den Sie so lange gewartet haben, ist endlich da: Es gibt einen weiteren brandneuen Nachrichtenwecker. Heute beginnen wir mit...
 Das Wetter
 Eine Mischung aus Wolken und Sonne. Und später am Tag kann es hier und da sogar einen Schauer geben. Es wird wieder so sein...",Nieuwswekker: Argentinië naar de finale + Onveilige zwemplekken,"Goooooeiemorgen! Het moment waarop je zo lang hebt gewacht is eindelijk hier: er is weer een kakelverse Nieuwswekker. Vandaag beginnen we met...
 Het weer
 Een mix tussen wolken en zon. En later op de dag kan hier en daar zelfs een bui vallen. Het wordt weer …","News alarm: Argentina to the final + Unsafe swimming spots. Gooooooodmorning! The moment you've been waiting for so long is finally here: there is another brand new News Alarm Clock. Today we start with...
 The weather
 A mix between clouds and sun. And later in the day there may even be a shower here and there. It's going to be again…","News terror: Argentina ad ultimam + Intutus natationes maculae. Gooooooodmorning! Tempus exspectasti tam diu hic tandem est: est alia nova notae News Terror Horologium. Hodie incipimus a...
 Tempestas
 Mix inter nubila et solem. Posteriore die etiam imbre passim. Suus 'iterum futurum ...",https://jeugdjournaal.nl/l/2623180,https://cdn.nos.nl/image/2026/07/16/1386617/1280x720a.jpg,,"Goooooeiemorgen! Het moment waarop je zo lang hebt gewacht is eindelijk hier: er is weer een kakelverse Nieuwswekker. Vandaag beginnen we met...
Het weer
Een mix tussen wolken en zon. En later op d… [+2812 chars]",,2026-07-18 03:43:23+00:00,wmo,Mexico,NCA,North-America
7fc12a5e48286ba2ee70c7cea08c22b2,2026-07-03T14:07:45Z,Heat Wave,heetste dag,www.nrc.nl,nl,0.9,"Ich starrte auf mein Handy, wo die Dinge jetzt verrückt spielten. Am heißesten Tag saßen Willem und ich an einem Tisch in der hinteren Reihe der Terrasse, unter der schwarzen Markise, am Grote Markt. Wir öffneten unsere Laptops, bestellten Coke Zero und Eiswürfel in einem separaten Glas. Ein Brautpaar ging auf die Terrasse…","Ik staarde naar m’n telefoon, waar het inmiddels los ging","Op de heetste dag posteerden Willem en ik ons aan een tafeltje op de achterste rij van het terras, onder de zwarte luifel, op de Grote Markt. We klapten onze laptops open, bestelden cola zero en ijsblokjes in een apart glas. Een bruidspaar liep aan het terras…","I stared at my phone, where things were now going crazy. On the hottest day, Willem and I sat at a table in the back row of the terrace, under the black awning, on the Grote Markt. We opened our laptops, ordered Coke Zero and ice cubes in a separate glass. A bridal couple walked on the terrace…","Inspexi telephonum meum, ubi res iam insanus erat. Calidissimo die, Willem et sedi ad mensam in postica xystum, sub vela nigra, in Grote Markt. Laptops nostros aperuimus, Coke Zero et cubilos glaciei in speculo separato iussit. A duobus thalamis ambulavit in xystum ...",https://www.nrc.nl/nieuws/2026/07/03/ik-staarde-naar-mn-telefoon-waar-het-inmiddels-los-ging-a4931308,"https://images.nrc.nl/efhM6X8E7JddHYYjcr19ne9_8ao=/1200x627/smart/filters:no_upscale():format(jpeg):fill(f8f8f8,true)/s3/static.nrc.nl/taxonomy/6b6e7c1-Sluimer1280.png",,"Op de heetste dag posteerden Willem en ik ons aan een tafeltje op de achterste rij van het terras, onder de zwarte luifel, op de Grote Markt. We klapten onze laptops open, bestelden cola zero en ijsb… [+3467 chars]",,2026-07-19 07:41:13+00:00,random,,,
29e671591247bea3a6991b2d644211f3,2026-07-10T17:30:00Z,Heat Wave,hitte,www.nrc.nl,nl,0.9,"Die Tour de France in der Hitze: In der Spitzengruppe kennt die Lust auf Wasser keine Grenzen, wie sie am neutralen Auto sehen. Tour de France: Wie versorgt man das Tour-Peloton während einer Etappe bei vierzig Grad mit ausreichend Wasser? Treten Sie dem neutralen Auto hinter der Spitzengruppe bei, wo diese merken, wie die Hitze das Chaos im Rennen steigert. „Pfff, was für ein Stress, Junge.“","De Tour de France in de hitte: in de kopgroep kent de zucht naar water geen grenzen, zien ze in de neutrale wagen","Tour de France: Hoe voorzie je het Tourpeloton van voldoende water tijdens een etappe in veertig graden? Mee met de neutrale wagen achter de kopgroep, waar ze merken hoe de hitte de chaos in de koers vergroot. „Pfff, wat een stress, jongen.”","The Tour de France in the heat: in the leading group, the desire for water knows no bounds, as they see in the neutral car. Tour de France: How do you provide the Tour peloton with enough water during a stage in forty degrees? Join the neutral car behind the leading group, where they notice how the heat increases the chaos in the race. “Pfff, what a stress, boy.”","The Tour de France in the heat: in primoribus globus, desiderium aquarum non habet modum, sicut in curru neutro vident. Tour de France: Quomodo praebes Tour peloton cum aqua satis in stadio in quadraginta gradibus? Coniunge neutras currus post catervam principalem, ubi animadvertunt quomodo calor chaos in stadio augeat. ""Pfff, quid vis, puer.""",https://www.nrc.nl/nieuws/2026/07/10/de-tour-de-france-in-de-hitte-in-de-kopgroep-kent-de-zucht-naar-water-geen-grenzen-zien-ze-in-de-neutrale-wagen-a4932125,https://images.nrc.nl/81-TM1xdEpYw0rYvbqhGAK0xdQQ=/1200x627/smart/filters:no_upscale()/s3/static.nrc.nl/wp-content/uploads/2026/07/08100046/100726SPO_2034610473_1-1.jpg,,"Quinn Simmons wil water, en snel. Al enige tijd zwaait de Amerikaanse renner, herkenbaar aan zijn lange rode haar en handlebar snor, in de kopgroep met zijn hand. De etappe is nog geen half uur onder… [+10424 chars]",,2026-07-19 07:41:13+00:00,random,,,
d9928819a92a70b9d0e9dc5c891f7065,2026-07-16T11:56:18Z,Heat Wave,hittegolf Henegouwen,www.vrt.be,nl,0.3,"Was treibt einen jungen Freiwilligen der Feuerwehr dazu, im Wald von Fontainebleau ein Feuer zu legen? Es ist eine Ausnahme, dass ein Feuerwehrmann ein Feuer legt, und selbst dann bedeutet das nicht automatisch, dass er ein Pyromane ist. Das sagt der forensische Psychiater Rudy Verelst nach dem Geständnis eines 18-jährigen Freiwilligen der Feuerwehr, dass er im Wald ein Feuer gelegt hat ...",Wat drijft een jonge brandweervrijwilliger om brand te stichten in het bos van Fontainebleau?,Het is uitzonderlijk dat een brandweerman brand sticht en dan nog betekent dat niet automatisch dat het om een pyromaan gaat. Dat zegt forensisch psychiater Rudy Verelst na de bekentenis van een brandweervrijwilliger van 18 dat hij vuur aanstak bij de bosbran…,What drives a young fire volunteer to start a fire in the Fontainebleau forest? It is exceptional that a firefighter starts a fire and even then that does not automatically mean that he is a pyromaniac. This is what forensic psychiatrist Rudy Verelst says after the confession of an 18-year-old fire brigade volunteer that he started a fire in the forest fire...,Quid iuvenem ignem voluntarium impellit ut ignem in silva Fontainebleau committat? Egregium est quod a firefighter ignem incipit ac etiam tunc non significat se pyromaniacum esse. Hoc est quod forense psychiatra Rudy Verelst dicit post confessionem XVIII annorum LEGIO ignem evocatum se in silva ignis incepisse...,https://www.vrt.be/vrtnws/nl/2026/07/15/pyromaan-brandweerman-psychologie/,https://images.vrt.be/vrtnws_share/2026/07/16/c43aa508-25df-4476-8314-87b1ceb3b274.jpg,,"Wat opvalt, is de jonge leeftijd van de brandstichter. Ook dat is geen toeval, zegt Verelst. ""We moeten elk geval individueel bekijken, maar het gaat niet altijd om pyromanen. Brandstichting kan ook … [+577 chars]",,2026-07-19 11:38:23+00:00,wmo,Belgium,WCE,Europe
48c6315f4d55c8450bbacde340d5b5ae,2026-07-13T06:13:26Z,Wildfire,bosbrand,jeugdjournaal.nl,nl,0.7,"Nachrichtenalarm: Waldbrand in Frankreich + Schäden durch Biber. Guten Morgen! Musst du zur Schule oder bist du schon im Urlaub? Glücklicherweise ist dieser Nachrichtenwecker für alle Kinder geeignet!
 Das Wetter
 Der Tag beginnt vielleicht bewölkt, aber später scheint die Sonne. Die Temperaturen liegen zwischen 23 und 31 Grad. Vergessen Sie nicht, Sonnenschutzmittel aufzutragen!
 Möglicherweise haben Sie dies ...",Nieuwswekker: Bosbrand in Frankrijk + Schade door bevers,"Goedemorgen! Moet je naar school of heb je al vakantie? Gelukkig is deze Nieuwswekker voor álle kinderen!
 Het weer
 De dag kan bewolkt beginnen, maar later schijnt de zon. Het wordt tussen de 23 en 31 graden. Vergeet je niet in te smeren!
 Dit heb je misschi…","News alarm: Forest fire in France + Damage by beavers. Good morning! Do you have to go to school or are you already on holiday? Fortunately, this News Alarm Clock is for all children!
 The weather
 The day may start cloudy, but later the sun shines. It will be between 23 and 31 degrees. Don't forget to apply sunscreen!
 You may have this…","News terror: Silva ignis in Gallia + Damnum castoribus. Salve! Habesne ad scholam an iam feriatus es? Fortunate hoc nuntium Horologium metum omnibus pueris est!
 Tempestas
 Dies nubis incipere potest, sed postea sol lucet. Erit inter 23 et 31 gradus. Noli oblivisci sunscreen adhibere!
 Hoc habeas…",https://jeugdjournaal.nl/l/2622815,https://images.cdn.nos.nl/4/B/T/J/c/X/gGJ1UjxGUKuYz1vcSJrxPv63un9k67ii7sFnDnb/0x0x1920x1080-1280x720.webp,,"Goedemorgen! Moet je naar school of heb je al vakantie? Gelukkig is deze Nieuwswekker voor álle kinderen!
Het weer
De dag kan bewolkt beginnen, maar later schijnt de zon. Het wordt tussen de 23 en … [+1314 chars]",,2026-07-19 11:38:23+00:00,random,,,
6c7f187bbe780fb94aaf2185410cfd92,2026-07-13T13:03:23Z,Wildfire,bosbrand,www.tvl.be,nl,0.7,Waldbrand in Mechelse Heide zerstört acht Hektar. Gestern Abend gegen 22 Uhr brach in der Mechelse Heide in Maasmechelen ein Lauffeuer aus. Die Feuerwehr hatte den Brand heute Morgen um halb fünf gelöscht. Heute Morgen brach das Feuer erneut aus. Eine Rauchwolke war zu sehen. Die Feuerwehr löscht noch einige Stunden weiter…,Bosbrand Mechelse Heide vernielt acht hectare,Op de Mechelse Heide in Maasmechelen is gisterenavond rond 22 uur een natuurbrand ontstaan. De brandweer had het vuur tegen half vijf vanochtend geblust. Vanochtend flakkerde het vuur opnieuw op. Er was een rookpluim te zien. De brandweer blust nog enkele ure…,Mechelse Heide forest fire destroys eight hectares. A wildfire broke out on the Mechelse Heide in Maasmechelen last night around 10 p.m. The fire brigade had extinguished the fire by half past four this morning. This morning the fire flared up again. A plume of smoke could be seen. The fire brigade continues to extinguish for a few hours…,Mechelse Heide silva ignis octo hectares destruit. Ignis ferum in Maasmechelen nocte proxima circa 10 a.m. Mechelse Heide orta est. Ignis LEGIO quattuor dimidii hac mane exstinxerat. Hoc mane iterum exarsit ignis. Fumi pluma videri poterat. LEGIO ignis paucis horis exstinguit.,https://www.tvl.be/nieuws/bosbrand-mechelse-heide-vernielt-acht-hectare-181897,https://shared.tvl.be/ext/tvl/w1200/20260713-001-2130.jpg?t=1783929683,,Op de Mechelse Heide in Maasmechelen is gisterenavond rond 22 uur een natuurbrand ontstaan. De brandweer had het vuur tegen half vijf vanochtend geblust. Vanochtend flakkerde het vuur opnieuw op. Er … [+552 chars],,2026-07-19 11:38:23+00:00,random,,,
8921a7c846cec0d7dd3a1eab0494927d,2026-07-15T14:58:28Z,Wildfire,bosbrand,www.nrc.nl,nl,0.7,"Der Wald in der Nähe von Paris brennt. „Vergessen wir nicht, dass diese Brände durch die extreme Dürre verursacht wurden, die durch den Klimawandel verursacht wurde.“ Waldbrand: Seit einigen Tagen wütet ein Waldbrand bei Fontainebleau, der bei Naturliebhabern und Kletterern beliebt ist. Auf Wunsch der Regierung halfen die Bergsteiger in den vergangenen Tagen auch bei der Überwachung. „Meine Nachbarn sagten: Das wird hier nie wieder passieren...“",Het bos bij Parijs brandt. ‘Laten we niet vergeten dat deze branden mogelijk zijn gemaakt door de extreme droogte als gevolg van klimaatverandering’,"Bosbrand: Al een paar dagen woedt een brand in het bos bij Fontainebleau, dat populair is onder natuurliefhebbers en klimmers. Op verzoek van de overheid hielpen de klimmers de afgelopen dagen ook met surveilleren. „Mijn buren zeiden: het zal hier nooit meer …","The forest near Paris is burning. “Let's not forget that these fires have been made possible by the extreme drought caused by climate change.” Forest fire: A fire has been raging for a few days in the forest near Fontainebleau, which is popular among nature lovers and climbers. At the request of the government, the climbers also helped with surveillance in recent days. “My neighbors said: it will never happen here again...","Silva apud Lutetiam ardet. ""Ne obliviscamur hos ignes nimia siccitate caeli mutatione causatos esse potuisse"". Ignis silvae: Ignis paucis diebus in silva prope Fontainebleau saeviit, quae inter amantes et viverra tellus frequens est. Ad instantiam regiminis, etiam tellus in recentioribus diebus custodias adiuvabat. “ Vicini mei dixerunt: numquam hic iterum fiet.",https://www.nrc.nl/nieuws/2026/07/15/het-bos-bij-parijs-brandt-laten-we-niet-vergeten-dat-deze-branden-mogelijk-zijn-gemaakt-door-de-extreme-droogte-als-gevolg-van-klimaatverandering-a4932588,https://images.nrc.nl/e6kA9OpiXPt2-KLPB7_exr5IcCY=/1200x627/smart/filters:no_upscale()/s3/static.nrc.nl/wp-content/uploads/2026/07/15160342/150726BUI_2035240278_frankrijk1.jpg,,"Helikopters komen met veel geraas aanvliegen voordat ze hun rode zakken water lozen boven de rookwolken. Achter een heuvel duikt een opvallend rank blusvliegtuigje op, dat naast water een brandvertra… [+5402 chars]",,2026-07-19 11:38:23+00:00,random,,,
d758a9fd0ca11005a73638f5bf0d76bd,2026-07-04T03:57:00Z,Wildfire,bosbrand,www.vrt.be,nl,0.9,"Belgische Feuerwehrleute gehen nach Portugal, um Waldbrände zu bekämpfen: „Die Situation kann sich in wenigen Minuten plötzlich ändern.“ Eine Gruppe von fünf freiwilligen Feuerwehrleuten wird heute unser Land nach Portugal verlassen, um bei der Bekämpfung der Waldbrände zu helfen. Eine Hilfe, die sie den ganzen Sommer über bieten, aber auch Gefahren birgt: „Wir stiegen einen Berg hinab, ohne Luftunterstützung und nur mit …“","Belgische brandweerlieden naar Portugal om bosbranden te bestrijden: ""In paar minuten tijd kan situatie plots omslaan""","Een groep van 5 vrijwillige brandweerlieden vertrekt vandaag vanuit ons land naar Portugal om daar mee de bosbranden te bestrijden. Een hulp die ze heel de zomer lang aanbieden, maar ook zijn gevaren kent: ""We daalden een berg af, zonder luchtsteun en met enk…","Belgian firefighters go to Portugal to fight forest fires: ""The situation can suddenly change in a few minutes."" A group of 5 volunteer firefighters will leave our country today for Portugal to help fight the forest fires. A help that they offer all summer long, but also has its dangers: ""We descended a mountain, without air support and with only…","Pugnatores Belgici in Lusitaniam eunt ad incendia silvestria pugnandum: ""Sextas subito paucis momentis mutare potest"". Coetus ignitorum 5 voluntariorum hodie patriam nostram relinquet pro Portugallia ut ignes silvas ad pugnandum adiuvet. Auxilia quae totam aestatem longam praebent, sed etiam pericula habet: ""Montem descendimus, sine aere et solo auxilio…",https://www.vrt.be/vrtnws/nl/2026/07/03/belgische-brandweermannen-bestrijden-bosbranden-in-portugal-op/,https://images.vrt.be/vrtnws_share/2017/10/18/c439d512-b3e0-11e7-bbe7-02b7b76bf47f.jpg,,"Een groep van 5 vrijwillige brandweerlieden vertrekt vandaag vanuit ons land naar Portugal om daar mee de bosbranden te bestrijden. Een hulp die ze heel de zomer lang aanbieden, maar ook zijn gevaren… [+2821 chars]",,2026-07-19 11:38:23+00:00,random,,,
4ee8771637884cc15ae89aae32819871,2026-07-07T20:31:00Z,Heat Wave,hittegolf,newsmonkey.be,nl,0.9,"Waldbrände in Südeuropa zwingen Tausende zur Evakuierung. Kurz gesagt, in Südeuropa wüten schwere Waldbrände, die Tausende Menschen dazu zwingen, ihre Häuser zu verlassen, und gefährliche „Pulverfässer“ bilden. Nach einer beispiellosen Hitzewelle im Frühsommer bekämpfen Rettungsdienste Brände in Griechenland, Frankreich, Spa …",Bosbranden in Zuid-Europa dwingen duizenden tot evacuatie,"In het kort Er razen zware bosbranden door Zuid-Europa, waardoor duizenden mensen hun huis moeten verlaten en er gevaarlijke ‘kruitvaten’ ontstaan. Na een ongekende hittegolf in de vroege zomer vechten hulpdiensten tegen branden in Griekenland, Frankrijk, Spa…","Forest fires in Southern Europe are forcing thousands to evacuate. In short Heavy forest fires are raging through Southern Europe, forcing thousands of people to leave their homes and creating dangerous 'powder kegs'. After an unprecedented heat wave in early summer, emergency services are battling fires in Greece, France, Spa…","Ignes silvae in Europa australi milia decedere cogunt. Denique incendia silvae graves per Europam australem saeviunt, milia hominum domos suas relinquere cogentes et 'pulveris pyrii' periculosos creant. Post novus calor fluctus in aestate prima, subitis officia incendia in Graecia, Gallia, Spa… certant.",https://newsmonkey.be/bosbranden-in-zuid-europa-dwingen-duizenden-tot-evacuatie/,https://media.newsmonkey.be/2026/07/zuid-frankrijk.jpg,,"In het kort
<ul><li>Door hevige bosbranden moeten duizenden mensen in heel Zuid-Europa hun huis verlaten.</li><li>Klimaatverandering zorgt voor de ongekende hitte en droogte die deze branden aanwakk… [+2900 chars]",,2026-07-19 11:38:23+00:00,random,,,
f0e54ea18c5d94437bfdd113a83da30c,2026-07-10T05:50:24Z,Wildfire,bosbrand,www.vrt.be,nl,0.9,"12 Tote bei schwerem Waldbrand in der spanischen Region Almería, Opfer in ausgebrannten Fahrzeugen gefunden. Bei einem heftigen Waldbrand im Dorf Bélar in Südspanien sind mindestens zwölf Menschen ums Leben gekommen. Dies melden die spanischen Behörden. Die Opfer wurden in ihren verbrannten Fahrzeugen gefunden. Vielleicht versuchten sie, dem Flammenmeer in der Nähe des Dorfes zu entkommen ...","12 doden bij zware bosbrand in Spaanse regio Almería, slachtoffers gevonden in uitgebrande voertuigen","Bij een felle bosbrand in het dorpje Bélar, in het zuiden van Spanje, zijn zeker 12 doden gevallen. Dat melden de Spaanse autoriteiten. De slachtoffers werden in hun uitgebrande voertuigen gevonden. Wellicht probeerden ze aan de vlammenzee nabij het dorp te o…","12 dead in serious forest fire in Spanish region Almería, victims found in burnt-out vehicles. At least 12 people have been killed in a fierce forest fire in the village of Bélar, in southern Spain. The Spanish authorities report this. The victims were found in their burned vehicles. Perhaps they were trying to escape the sea of ​​flames near the village...","12 mortui in gravi silva ignis in regione Almería Hispanica, victimae in vehiculis combustis inventae. Saltem XII homines in pago Bélar in vico Bélar, in Hispania meridionali, in atrox silva interfecti sunt. Auctores Hispani hoc referunt. Hostiae in suis vehiculis combustae inventae sunt. Fortasse mare flammae prope villam effugere conabantur.",https://www.vrt.be/vrtnws/nl/2026/07/10/12-doden-hevige-bosbrand-zuid-spanje/,https://images.vrt.be/vrtnws_share/2026/07/10/a90e46bf-cbe3-4390-9d1b-6a8a133375cd.png,,"Op verschillende plekken in Spanje, Frankrijk en Portugal woeden op dit moment hevige bosbranden. Maar nergens eisen die voorlopig zo'n zware tol als in het zuidoosten van Spanje.
Daar brak gisteren… [+176 chars]",,2026-07-19 11:38:23+00:00,random,,,
7581dac2e85e0b512918ae17e4b7fdb6,2026-07-10T07:53:01Z,Wildfire,bosbrand,www.tvl.be,nl,0.9,"Bei Waldbränden in Südspanien sind möglicherweise Belgier ums Leben gekommen. In Frankreich, Portugal und Spanien wüten schwere Waldbrände. Elf Menschen wurden gestern in der Nähe von Los Gallardos in Spanien getötet. Möglicherweise sind auch Belgier beteiligt. Neunzehn Menschen werden immer noch vermisst, schreibt Het Laatste Nieuws. Los Galla…",Mogelijk Belgen gestorven bij bosbranden in Zuid-Spanje,"In Frankrijk, Portugal en Spanje woeden zware bosbranden. In de buurt van Los Gallardos in Spanje kwamen gisteren elf mensen om het leven. Mogelijk zijn daarbij ook Belgen betrokken. Negentien personen worden nog vermist, schrijft Het Laatste Nieuws.Los Galla…","Belgians may have died in forest fires in southern Spain. Heavy forest fires are raging in France, Portugal and Spain. Eleven people were killed yesterday near Los Gallardos in Spain. Belgians may also be involved. Nineteen people are still missing, writes Het Laatste Nieuws. Los Galla…","Belgae in Hispania meridionali in incendiis silvestribus periisse possunt. Ignes silvae graves in Gallia, Portugallia et Hispania saeviunt. Undecim homines heri apud Los Gallardos in Hispania interfecti sunt. Belgae etiam implicari possunt. Undeviginti homines adhuc desunt, scribit Het Laatste Nieuws. Los Galla…",https://www.tvl.be/nieuws/mogelijk-belgen-gestorven-bij-bosbranden-in-zuid-spanje-181858,https://shared.tvl.be/ext/tvl/w1200/20260710-001-8587.jpg?t=1783677111,,"In Frankrijk, Portugal en Spanje woeden zware bosbranden. In de buurt van Los Gallardos in Spanje kwamen gisteren elf mensen om het leven. Mogelijk zijn daarbij ook Belgen betrokken. Negentien person… [+543 chars]",,2026-07-19 11:38:23+00:00,random,,,
8def092aab1ca4a534258b1a10c360af,2026-07-13T14:55:02Z,Wildfire,bosbrand,www.tvl.be,nl,0.9,"TVL-Nachrichten, 13. Juli 2026. Sehen Sie sich hier die TVL-Nachrichten vom Montag, 13. Juli 2026 an. - Bei einem Waldbrand in der Mechelse Heide gehen acht Hektar Natur in Flammen auf. Da das Feuer unter der Erde schwelt, löscht die Feuerwehr noch lange weiter. - Nach dem Waldbrand gilt Code Orange für Brandgefahr...","TVL Nieuws, 13 juli 2026","Herbekijk hier het TVL nieuws van maandag 13 juli 2026.­­- Bij een bosbrand op de Mechelse Heide gaat acht hectare natuur in vlammen op. Omdat het vuur ondergronds smeult, blust de brandweer nog lang na.­- Na de natuurbrand geldt code oranje voor brandgevaar …","TVL News, July 13, 2026. Watch the TVL news from Monday, July 13, 2026 here. - Eight hectares of nature go up in flames during a forest fire on the Mechelse Heide. Because the fire is smoldering underground, the fire brigade continues to extinguish it for a long time. - After the wildfire, code orange applies for fire danger...","TVL News, July 13, 2026. Videte TVL nuntium e Lunae, 13 Iulii 2026 hic. - Octo hectares naturae in flammam ascendunt in igne in sylva Mechelse Heide. Quia ignis subterraneus gliscit, LEGIO Ignis eam diu exstinguit. - Post ignem ferum, codice orange applicatur pro periculo ignis ...",https://www.tvl.be/nieuws/tvl-nieuws-13-juli-2026-181911,https://shared.tvl.be/ext/tvl/w1200/20260713-001-9758.jpg?t=1783961692,,"Herbekijk hier het TVL nieuws van maandag 13 juli 2026.
­- Bij een bosbrand op de Mechelse Heide gaat acht hectare natuur in vlammen op. Omdat het vuur ondergronds smeult, blust de brandweer nog lan… [+389 chars]",,2026-07-19 11:38:23+00:00,random,,,
82b23674a0a5c18700c06fde72d16ac6,2026-07-13T19:06:12Z,Wildfire,bosbrand,www.vrt.be,nl,0.9,"Mieke und Dominiek aus Ypern sind gerade noch rechtzeitig vor dem Waldbrand in Fontainebleau geflohen: „Wir merken erst jetzt, wovor wir entkommen sind.“ „Das Feuer kam bis auf 5 Meter an unseren Aufenthaltsort heran.“ Das sagen Mieke (56) und Dominiek (54) aus Ypern, die sich in einem Ferienhaus in Fontainebleau aufhielten, als dort ein Waldbrand ausbrach. Sie hätten nie gedacht, dass ein solcher Brand in der Nähe von Paris möglich wäre ...","Mieke en Dominiek uit Ieper vluchtten net op tijd weg van bosbrand in Fontainebleau: ""We beseffen nu pas waaraan we zijn ontsnapt""","""Het vuur kwam tot op 5 meter van waar we verbleven."" Dat vertellen Mieke (56) en Dominiek (54) uit Ieper die in een vakantiehuis in Fontainebleau waren toen daar een natuurbrand losbarstte. Ze hadden nooit gedacht dat zo'n brand ook dicht bij Parijs mogelijk…","Mieke and Dominiek from Ypres fled from the forest fire in Fontainebleau just in time: ""We only now realize what we escaped from."" “The fire came within 5 meters of where we were staying.” This is what Mieke (56) and Dominiek (54) from Ypres say, who were in a holiday home in Fontainebleau when a wildfire broke out there. They never thought that such a fire was possible close to Paris...","Mieke et Dominiek ab Ipra e silva ignem in Fontainebleau in tempore fugerunt: ""Tantum nunc cognoscimus quid evasimus"". ""Venit ignis intra 5 metra ubi manebamus."" Hoc est quod Mieke (56) et Dominiek (54) ab Ipra dicunt, qui in domo festo Fontainebleau cum incendium igniferum ibi erupit. Numquam putaverunt talem ignem prope Parisios esse potuisse.",https://www.vrt.be/vrtnws/nl/2026/07/13/vlaams-gezin-vlucht-voor-brand-fontainebleau/,https://images.vrt.be/vrtnws_share/2026/07/13/cbd5d5a9-07bd-4b4b-b689-0f30b337d0c6.jpg,,Mieke (56) en Dominiek (54) hebben er een helse dag opzitten. Gisterenmiddag zaten ze nog gezellig in een vakantiewoning in Fontainebleau. Slechts 24 uur later en na een deugddoend dutje vertellen ze… [+605 chars],,2026-07-19 11:38:23+00:00,random,,,
307946c5a2a9a9d83afc5e76982deacf,2026-07-15T08:47:43Z,Wildfire,bosbrand,jeugdjournaal.nl,nl,0.9,"Waldbrand in Frankreich unter Kontrolle, teilweise von Feuerwehrleuten entzündet. Die großen Waldbrände in der Nähe von Paris sind unter Kontrolle. Das teilte die französische Feuerwehr mit. Das bedeutet, dass sich das Feuer nicht mehr ausbreitet.
 Lit
 Die Polizei hat sechs Personen wegen Brandstiftung festgenommen. Einer von ihnen ist sogar Mitglied im ehrenamtlichen…","Bosbrand Frankrijk onder controle, was deels aangestoken door brandweerman","De grote bosbranden bij Parijs zijn onder controle. Dat heeft de Franse brandweer gezegd. Dat betekent dat het vuur zich niet meer verspreid.
 Aangestoken
 De politie heeft zes mensen aangehouden voor brandstichting. Een van hen is zelfs lid van de vrijwillig…","Forest fire in France under control, partly ignited by firefighter. The major forest fires near Paris are under control. The French fire brigade said this. This means that the fire no longer spreads.
 Lit
 The police have arrested six people for arson. One of them is even a member of the voluntary…","Ignis silvarum in Gallia sub potestate, partim ab firefighter accensus. Maior silvae ignes prope Parisios sub potestate sunt. Hoc Galli Ignem LEGIO dixerunt. Id ignis non diffunditur.
 Lit
 Vigiles sex homines ad incendia comprehenderunt. Eorum unum membrum est voluntarii…",https://jeugdjournaal.nl/l/2623065,https://images.cdn.nos.nl/1/6/S/D/z/9/aF7PjKUbVkTNFZmCz8amsRzg524R7fVYBqTbgde/8x424x3984x2241-1280x720.webp,,"De grote bosbranden bij Parijs zijn onder controle. Dat heeft de Franse brandweer gezegd. Dat betekent dat het vuur zich niet meer verspreid.
Aangestoken
De politie heeft zes mensen aangehouden voo… [+526 chars]",,2026-07-19 11:38:23+00:00,random,,,
f6062fb3de6f176b01f073a19cfdd8f6,2026-07-17T09:20:02Z,Thunderstorm,zwaar weer,www.vrt.be,nl,0.9,"Eines der geschäftigsten Reisewochenenden des Sommers steht vor der Tür: „Vermeiden Sie es, morgen abzureisen“, warnt VAB. Das kommende Wochenende verspricht ein arbeitsreiches Wochenende auf den Straßen Europas zu werden. Vor allem wer in den Süden Frankreichs fährt, muss mit etwas mehr Zeit rechnen. Und wer durch Berge fährt, muss sich vor heftigen Gewittern in Acht nehmen. Daher ist es wahrscheinlich am besten, morgen nicht abzureisen...","Een van drukste reisweekends van de zomer op komst: ""Vermijd om morgen te vertrekken"", waarschuwt VAB","Komend weekend belooft een druk weekend op de Europese wegen te worden. Vooral wie naar het zuiden van Frankrijk rijdt, zal extra tijd moeten bijrekenen. En wie door gebergten rijdt, moet opletten voor zwaar onweer. Je vertrekt daarom best niet morgen, waarsc…","One of the busiest travel weekends of the summer is coming: ""Avoid leaving tomorrow,"" VAB warns. Next weekend promises to be a busy weekend on European roads. Especially those who drive to the south of France will have to allow extra time. And anyone driving through mountains must watch out for heavy thunderstorms. It is therefore best not to leave tomorrow, probably...","Una aestatis frequentissima itinerariorum hebdomadae venit: ""cras fuge"" monet VAB. Proxima volutpat vestibulum promittit in Europae viae negotiosam esse volutpat. Praesertim qui Galliam meridianam regunt, extra tempus permittere debebunt. Et qui per montes ejicit, vigilare debet pro tonitribus gravibus. Optimum est ergo cras non discedere, probabiliter...",https://www.vrt.be/vrtnws/nl/2026/07/17/druk-wisselweekend-vakantie-reizen-auto-verkeer/,https://images.vrt.be/vrtnws_share/2026/07/17/769c3212-eb65-4e2a-87ec-176c514fd863.jpg,,"De grootste hinder wordt verwacht voor wie naar het zuiden van Frankrijk rijdt. Niet onlogisch, want het is de meest populaire vakantiebestemming voor wie met de wagen op reis gaat. ""Vergeet ook niet… [+620 chars]",,2026-07-19 11:38:23+00:00,random,,,
ccb22a9b1df2b509d08bd695b30ac455,2026-07-18T17:35:22Z,Drought,droogte nederland,www.nrc.nl,nl,0.7,"Nahe dem tiefsten Punkt der Niederlande gibt es im Torfdeich eine feuchte Stelle. „Wir werden dafür sorgen, dass der Deich wieder stark genug ist.“ Dürre: Seit zwei Wochen führen mehr als hundert Freiwillige Inspektionen an Torfdeichen durch, die in Trockenzeiten zu Problemen wie Rissen und nassen Stellen führen können. „Die Tatsache, dass der Deich abgelehnt wurde, bedeutet nicht, dass er innerhalb eines Jahres einstürzen wird.“",Vlak bij het laagste punt van Nederland zit een natte plek in de veendijk. ‘We gaan zorgen dat de dijk weer sterk genoeg is’,"Droogte: Sinds twee weken voeren ruim honderd vrijwilligers inspecties uit op veendijken, die in droge tijden problemen kunnen geven zoals scheuren en natte plekken. „Dat de dijk is afgekeurd, betekent niet dat hij binnen een jaar bezwijkt.”","There is a wet spot in the peat dike near the lowest point in the Netherlands. “We are going to ensure that the dike is strong enough again.” Drought: For the past two weeks, more than a hundred volunteers have been carrying out inspections on peat dikes, which can cause problems such as cracks and wet spots during dry times. “The fact that the dike has been rejected does not mean that it will collapse within a year.”","Est macula humida in fossato fossato prope imum in Nederlandia. ""Nos ituri sumus ut fossatum satis firmum iterum"". Siccitas: Praeter duas septimanas, plus quam centum voluntarii inspectiones in fossatis gagatis portaverunt, quae difficultates causare possunt sicut rimas et maculas humidas in siccis temporibus. ""Quod rejectum fossatum non significat intra annum laturum esse.""",https://www.nrc.nl/nieuws/2026/07/18/vlak-bij-het-laagste-punt-van-nederland-zit-een-natte-plek-in-de-veendijk-we-gaan-zorgen-dat-de-dijk-weer-sterk-genoeg-is-a4932712,https://images.nrc.nl/xJME4TsR2pCEVXzw656QDQMIABo=/1200x627/smart/filters:no_upscale()/s3/static.nrc.nl/wp-content/uploads/2026/07/18164314/180726WEE_2035305161_dijkdroogte02.jpg,,"Er is een natte plek in de dijk van de ringvaart ontdekt. Best groot. Twee bij vijf meter. En diep. Ik kom tot een meter, zegt dijkwacht Jeroen Wouda. En ik hoef er helemaal geen moeite voor te doen.… [+3960 chars]",,2026-07-20 12:34:20+00:00,edo,Netherlands,NEU,Europe
15b80c25bcec5390abc9a639dec29073,2026-07-19T11:20:45Z,Earthquake,aardbeving indonesië,www.nrc.nl,nl,0.3,"Finalist Argentinien kann bei dieser WM in Südamerika mit mehr Hass als Sympathie rechnen, aber „es wird trotzdem eine Party sein“. WM-Finale: Negative Berichte über Argentinien und rassistische Äußerungen von Fans häufen sich. Deshalb suchen die Fans einander in Rio de Janeiro auf. „Es ist reine Eifersucht“, sagt einer von ihnen, „aber es macht uns nur stärker.“","Finalist Argentinië kan dit WK meer op haat dan sympathie rekenen in Zuid-Amerika, maar ‘feest wordt het hoe dan ook’","WK finale: De negatieve berichtgeving over Argentinië en racistische uitlatingen van supporters stapelt zich op. In Rio de Janeiro zoeken fans elkaar daarom op. „Het is puur uit jaloezie”, zegt een van hen, „maar het maakt ons alleen maar sterker.”","Finalist Argentina can count on more hatred than sympathy in South America this World Cup, but 'it will be a party anyway'. World Cup final: Negative reports about Argentina and racist statements from supporters are piling up. That's why fans seek each other out in Rio de Janeiro. “It's purely out of jealousy,” says one of them, “but it only makes us stronger.”","Argentina finalista plus odii potest numerare quam sympathiam in America Meridionali hoc Mundi Calicem, sed ""factio erit usquam"". World Cup final: Negativae relationes de Argentina et constitutiones racist a fautoribus struunt. Quam ob rem fans se mutuo in Rio de Janeiro quaerunt. “Invidiae est,” inquit unus ex illis, “sed fortiores nos facit”.",https://www.nrc.nl/nieuws/2026/07/19/finalist-argentinie-kan-dit-wk-meer-op-haat-dan-sympathie-rekenen-in-zuid-amerika-maar-feest-wordt-het-hoe-dan-ook-a4932789,https://images.nrc.nl/c21UUbr03bcAthwBOHzrNoqVXJQ=/1200x627/smart/filters:no_upscale()/s3/static.nrc.nl/wp-content/uploads/2026/07/19113728/190726BUI_2035293223_1.jpg,,"Elektricien Matias Profili (38) haalt zorgvuldig een rol kabels uit elkaar, stapt op een krukje en begint met de aansluiting van een enorm tv-scherm boven de bar van strandtent Buenos Aires. Serveers… [+6213 chars]",,2026-07-21 12:10:22+00:00,usgs,Indonesia,SEA,Asia
41bd3a329e7959a91739b3a816e7c77f,2026-07-02T04:35:40Z,Heat Wave,hittegolf,www.emerce.nl,nl,0.9,"Extreme Hitze macht die Verwundbarkeit von Logistikspitzen deutlich. Amsterdam – Während des Höhepunkts der Hitzewelle letzte Woche wurden 59 Prozent der Sendungen am Donnerstag, dem 25., zugestellt.",Extreme hitte legt kwetsbaarheid van logistieke pieken bloot,Amsterdam – Tijdens de piek van de hittegolf vorige week kwam 59 procent van de zendingen die op donderdag 25 […],"Extreme heat exposes the vulnerability of logistics peaks. Amsterdam – During the peak of the heat wave last week, 59 percent of shipments delivered on Thursday 25 […]","Extremus calor vulnerabilitatem logisticarum cacumina exponit. Amstelodami - In summo aestu undae proxima hebdomade, 59 centesimas navium die Iovis 25 liberavit […]",https://www.emerce.nl/wire/extreme-hitte-legt-kwetsbaarheid-logistieke-pieken-bloot,https://www.emerce.nl/content/uploads/2022/12/Wuunder.png,,Amsterdam Tijdens de piek van de hittegolf vorige week kwam 59 procent van de zendingen die op donderdag 25 juni door de vervoerder uit het magazijn werden opgehaald vertraagd aan bij de consument. D… [+2309 chars],,2026-07-23 21:38:35+00:00,wmo,Switzerland,WCE,Europe
e1e20b8021bea67a9095fcb2ad339404,2026-07-03T06:02:00Z,Heat Wave,hitte,businessam.be,nl,0.9,Aufgrund der Gefahr neuer Hitzewellen im Juli bleiben die Stromkosten in Europa hoch. Wichtige Erkenntnisse: Extreme Hitzewellen treiben die Stromkosten in Europa in die Höhe. Steigende Temperaturen führen zu einem Spitzenbedarf an Kühlung und schränken die Energieversorgung ein. Darüber hinaus stehen einige Gaskraftwerke vor der Herausforderung...,De Europese elektriciteitskosten blijven hoog door kans op nieuwe hittegolven in juli,Key takeaways Extreme hittegolven jagen de Europese elektriciteitskosten omhoog. Stijgende temperaturen zorgen voor een piek in de vraag naar koeling en beperken het energieaanbod. Bovendien worden sommige gasgestookte elektriciteitscentrales geconfronteerd m…,"European electricity costs remain high due to the risk of new heat waves in July. Key takeaways Extreme heat waves are driving up European electricity costs. Rising temperatures cause a peak in cooling demand and limit the energy supply. In addition, some gas-fired power plants are facing...",Sumptibus electricitatis Europaeae altae manent ob periculum novorum fluctuum aestus mense Iulio. Key takeaways fluctus extremam aestus electricitatis Europaeae gratuita eicit. Temperatura surgens apicem in refrigerando causa postulant et energiae copiam limitant. Praeterea nonnullae plantae potentiae gas accensae contra ...,https://businessam.be/de-europese-elektriciteitskosten-blijven-hoog-door-kans-op-nieuwe-hittegolven-in-juli/,https://media.businessam.be/h_4.01276368.jpg,,"Key takeaways
<ul><li>Extreme hittegolven jagen de Europese elektriciteitskosten omhoog.</li><li>Stijgende temperaturen zorgen voor een piek in de vraag naar koeling en beperken het energieaanbod.</… [+2820 chars]",,2026-07-24 21:40:56+00:00,random,,,
2d952b467fd7689582ac8d85014dd92d,2026-07-04T15:44:47Z,Heat Wave,hitte,www.tvl.be,nl,0.9,"TVL News, 4. Juli 2026. – In Dilsen-Stokkem kommt es aufgrund der Unzufriedenheit zwischen Fischern und Wasserskifahrern zu einer Schießerei. Der Täter wurde inzwischen identifiziert. - Es besteht eine gute Chance, dass wir nächste Woche eine neue Hitzewelle haben. Das RMI kündigt Code Gelb für das gesamte Land mit Ausnahme der Küste an ...","TVL Nieuws, 4 juli 2026",- In Dilsen-Stokkem leidt onvrede tussen vissers en waterskiërs tot een schietpartij. De dader werd intussen geïdentificieerd.- De kans is groot dat we volgende week een nieuwe hittegolf krijgen. Het KMI kondigt code geel af voor heel het land behalve de kust…,"TVL News, July 4, 2026. - In Dilsen-Stokkem, discontent between fishermen and water skiers leads to a shooting. The perpetrator has now been identified. - There is a good chance that we will have a new heat wave next week. The RMI announces code yellow for the entire country except the coast...","TVL News, Die 4 Iulii 2026. - In Dilsen-Stokkem, taedium inter piscatores et nautas aquarum dirigentes ducit. Auctor nunc notus est. - Est forte bonum quod novum calorem in altera septimana habebimus. RMI nuntiat codicem luteum pro tota terra praeter oram ...",https://www.tvl.be/nieuws/tvl-nieuws-4-juli-2026-181776,https://shared.tvl.be/ext/tvl/w1200/20260704-001-4993.jpg?t=1783187090,,"- In Dilsen-Stokkem leidt onvrede tussen vissers en waterskiërs tot een schietpartij. De dader werd intussen geïdentificieerd.
- De kans is groot dat we volgende week een nieuwe hittegolf krijgen. H… [+331 chars]",,2026-07-25 03:51:05+00:00,random,,,
d44b55e5bc9465f45a99011b3689d53d,2026-07-03T13:58:41Z,Heat Wave,hitte,www.nrc.nl,nl,0.9,"Wie sind die Niederlande während der Hitze mit Code Red umgegangen? „Die Leute, denen es tagelang schlecht ging, kamen und brachen dann zusammen.“ Rot Rot: Nachdem das KNMI letzte Woche den Code Rot herausgegeben hat, wurde einiges in Angriff genommen. Es folgten Schulschließungen, Klagen wurden abgesagt und Organisationen entwickelten ihre eigenen Hitzepläne. „Hitze wird oft mit ‚schönem Wetter‘ assoziiert.“","Hoe ging Nederland tijdens de hitte om met code rood? ‘De mensen die het al dagen zwaar hadden gehad kwamen, vielen toen om’","Rode rood: Nadat het KNMI vorige week code rood had uitgegeven, werd veel in gang gezet. Er volgden schoolsluitingen, rechtszaken gingen niet door en van organisaties kwamen met eigen hitteplannen. „Hitte wordt nog vaak geassocieerd met ‘lekker weer’.”","How did the Netherlands deal with code red during the heat? “The people who had been having a hard time for days came and then collapsed.” Red red: After the KNMI issued code red last week, a lot was started. School closures followed, lawsuits were canceled and organizations came up with their own heat plans. “Heat is often associated with 'nice weather'.”","Quomodo Belgii codicem rubrum in calore tractaverunt? Et venit populus, qui erat difficile dierum, et concidit. Rubra rubra: Post KNMI codicem rubrum in novissima septimana edita, multum incepit. Commissuras scholae secutae sunt, lites abolitae sunt et consociationes cum calore suo consiliorum factae sunt. ""Astus saepe coniungitur cum 'nice tempestas'.""",https://www.nrc.nl/nieuws/2026/07/03/hoe-ging-nederland-tijdens-de-hitte-om-met-code-rood-de-mensen-die-het-al-dagen-zwaar-hadden-gehad-kwamen-vielen-toen-om-a4931675,https://images.nrc.nl/DxwXZmcw-n0VyHYSJft2D6W8UN8=/1200x627/smart/filters:no_upscale()/s3/static.nrc.nl/wp-content/uploads/2026/07/02152902/030726WEE_2034925967_coderood.jpg,,"Het ging lang goed tijdens de hittegolf van afgelopen week, in het Maastrichtse ziekenhuis MUMC+. Maar op zondag, toen het nog altijd heel warm was en er weinig wind stond, werd het opeens nog heel d… [+6624 chars]",,2026-07-25 16:27:48+00:00,random,,,
8a43899a67121281ba3d2721c4365ec7,2026-07-03T14:42:41Z,Heat Wave,hittegolf,www.tvl.be,nl,0.9,"Groen Limburg will einen verbindlichen Klimatisierungsplan für Pflegeheime. Die Grünen reagieren sehr kritisch auf die 39 % Übersterblichkeit während der Hitzewelle. Groen fordert konkrete Maßnahmen, darunter einen verbindlichen Klimatisierungsplan für alle Pflegeheime und Schulen, mehr Schwimmbereiche und mehr Zugang zu kühlen öffentlichen Orten wie Bibliotheken …",Groen Limburg wil verplicht aircoplan voor woonzorgcentra,"Partij Groen reageert zeer kritisch op de 39% oversterfte tijdens de hittegolf. Groen eist concrete maatregelen, waaronder een verplicht aircoplan voor alle woonzorgcentra en scholen, meer zwemplekken en meer toegang tot koele openbare plaatsen zoals biblioth…","Groen Limburg wants a mandatory air conditioning plan for residential care centers. The Green Party reacts very critically to the 39% excess mortality during the heat wave. Groen demands concrete measures, including a mandatory air conditioning plan for all residential care centers and schools, more swimming areas and more access to cool public places such as libraries...","Groen Limburg vult consilium condiciones aeri mandare de centris cura residentialibus. Factio viridis admodum critico ad 39% mortalitatis excessum in aestu fluctu reducitur. Groen postulat mensuras concretas, inclusa ratio condicionis mandati aeris omnibus centris et scholis curandis residentialibus, locis magis natantibus et aditus ad loca publica refrigerandi sicut bibliothecae...",https://www.tvl.be/nieuws/groen-limburg-wil-verplicht-aircoplan-voor-woonzorgcentra-181763,https://shared.tvl.be/ext/tvl/w1200/20260703-001-5879.jpg?t=1783096982,,"We onderscheiden volgende types cookies, naargelang hun doeleinden:
Wij gebruiken dus enerzijds onze eigen cookies en anderzijds cookies van zorgvuldig geselecteerde partners met wie we samenwerken.… [+91 chars]",,2026-07-25 16:27:48+00:00,wmo,Switzerland,WCE,Europe
e5e6573879d8c5fdad3497eb017d6ddd,2026-07-23T14:16:41Z,Heat Wave,hittegolf,www.tvl.be,nl,0.9,"Klimaanlageninstallateure machen wegen der vierten Hitzewelle Überstunden. Und wir bleiben weiterhin aufmerksam, denn nächste Woche steigen die Temperaturen wieder in die Höhe. Wir stehen sogar vor einer neuen Hitzewelle, der vierten dieses Jahres in Limburg. Laut RMI wird das Quecksilber am Mittwoch und Donnerstag über 30 Grad steigen. Es gibt sogar…",Airco-installateurs draaien overuren voor vierde hittegolf,"En het blijft opletten, want volgende week schieten de temperaturen opnieuw de hoogte in. We stevenen zelfs af op een nieuwe hittegolf, de vierde van dit jaar in Limburg. Volgens het KMI stijgt het kwik woensdag en donderdag boven de 30 graden. Er zijn zelfs …","Air conditioning installers are working overtime for the fourth heat wave. And we continue to pay attention, because next week temperatures will soar again. We are even heading for a new heat wave, the fourth of this year in Limburg. According to the RMI, the mercury will rise above 30 degrees on Wednesday and Thursday. There are even…","Aer conditiones installatores subsicivum laborant pro quarta unda caloris. Et operam dare pergimus, quod altera septimana temperaturas iterum evigilabit. Etiam novum aestum undam petimus, in Limburgo quarto huius anni. Secundum RMI, Mercurius ascendet supra 30 gradus die mercurii et Jovis. Sunt etiam…",https://www.tvl.be/nieuws/airco-installateurs-draaien-overuren-voor-vierde-hittegolf-182069,https://shared.tvl.be/ext/tvl/w1200/20260723-001-9879.jpg?t=1784823387,,"En het blijft opletten, want volgende week schieten de temperaturen opnieuw de hoogte in. We stevenen zelfs af op een nieuwe hittegolf, de vierde van dit jaar in Limburg. Volgens het KMI stijgt het k… [+413 chars]",,2026-07-25 16:27:48+00:00,random,,,
d42be4acd3bfe2ea0f034a5b4eb14d14,2026-07-24T13:02:05Z,Heat Wave,hittegolf,www.tvl.be,nl,0.9,"Nach Regen kommt Sonnenschein: Die vierte Hitzewelle kommt über Limburg. Am Sonntag kommt eine Regenzone auf uns zu. Nach dem Wochenende steigen die Temperaturen wieder. Laut Wetterforscher Michel Nulens können wir mit einer weiteren Hitzewelle rechnen. Eines, das mindestens 10 Tage hält. Es ist außergewöhnlich, weil es…",Na regen komt zonneschijn: vierde hittegolf voor Limburg op komst,"Zondag komt er een regenzone op ons af. Na het weekend klimmen de temperaturen weer de hoogte in. Volgens weerman Michel Nulens mogen we opnieuw een hittegolf verwachten. Eentje die minimum 10 dagen zal aanhouden. Het is uitzonderlijk te noemen, want het zou …","After rain comes sunshine: fourth heat wave coming for Limburg. A rain zone is coming our way on Sunday. After the weekend, temperatures will climb again. According to weatherman Michel Nulens, we can expect another heat wave. One that will last for at least 10 days. It is exceptional, because it would…","Post pluviam iubar venit: quartus calor Limburgum veniens undam. Zona pluvialis die dominico nostro in itinere venit. Post volutpat, tortor iterum ascendet. Secundum weatherman Michel Nulens, alium calorem fluctus exspectare possumus. Unum quod saltem per dies X durabit. Eximium est, quod esset…",https://www.tvl.be/nieuws/na-regen-komt-zonneschijn-vierde-hittegolf-voor-limburg-op-komst-182094,https://shared.tvl.be/ext/tvl/w1200/20260724-001-4568.jpg?t=1784905317,,Zondag komt er een regenzone op ons af. Na het weekend klimmen de temperaturen weer de hoogte in. Volgens weerman Michel Nulens mogen we opnieuw een hittegolf verwachten. Eentje die minimum 10 dagen … [+1978 chars],,2026-07-25 16:27:48+00:00,wmo,Switzerland,WCE,Europe
70b3d7cb4ed1b1d0f4b051b39942c035,2026-07-06T12:09:48Z,Landslide,aardverschuiving,www.nrc.nl,nl,0.3,"Wie der Gewächshausgartenbau viele Probleme im Stromnetz lösen kann. Vorausgesetzt, sie dürfen noch eine Weile Gas verwenden. Nachhaltigkeit: Gewächshausgärtner können viel dazu beitragen, Engpässen im Stromnetz entgegenzuwirken. Netzbetreiber Liander sieht Chancen. Aber Gärtner sind gespalten. Es wird erwartet, dass sie nachhaltiger werden und dass ihr Stromverbrauch dann die Probleme auf der Erde lösen würde...",Hoe de glastuinbouw veel problemen op het stroomnet kan oplossen. Mits ze nog even gas mogen blijven gebruiken,Verduurzaming: Glastuinbouwers kunnen veel hulp bieden om krapte op het stroomnet te bestrijden. Netbeheerder Liander ziet kansen. Maar tuinders zitten in een spagaat. Ze worden geacht te verduurzamen en dan zou hun elektriciteitsgebruik de problemen op het e…,How greenhouse horticulture can solve many problems on the power grid. Provided they are allowed to continue using gas for a while. Sustainability: Greenhouse horticulturists can provide a lot of help to combat shortages on the power grid. Grid operator Liander sees opportunities. But gardeners are in a split. They are expected to become more sustainable and then their electricity use would solve the problems on the e...,Quam CONSERVATORIUM horticulture potest multas difficultates in potestate euismod solvere. Dummodo permittantur utens gas ad tempus pergere. Sustineri potest: CONSERVATORIUM horticulturistae multum auxilium praebere possunt ad inopias in euismod potentia pugnare. Eget operator Liander occasiones videt. Sed hortulani in scissura sunt. Exspectantur magis sustineri posse ac deinde eorum usus electricitatis problemata in e solvere.,https://www.nrc.nl/nieuws/2026/07/06/hoe-de-glastuinbouw-veel-problemen-op-het-stroomnet-kan-oplossen-mits-ze-nog-even-gas-mogen-blijven-gebruiken-a4931406,https://images.nrc.nl/xf08GaQLoVzQyX_m9QPP8EuFxRU=/1200x627/smart/filters:no_upscale()/s3/static.nrc.nl/wp-content/uploads/2026/07/02134406/030726ECO_2034750818_tuinbouw.jpg,,"Zelfs in de ergste hittegolf gaat in de kassen van Linflowers de verwarming s nachts aan. Het vocht dat de planten in de nacht verdampen moet weg, zegt eigenaar Rochus van Tuijl. Om dat uit de kas te… [+9341 chars]",,2026-07-25 21:28:11+00:00,random,,,
5903be4f10e65fe218397bfda38e567c,2026-07-15T19:31:00Z,Heat Wave,hittegolf,newsmonkey.be,nl,0.9,"Hitzewelle in den Niederlanden verursacht mindestens 900 zusätzliche Todesfälle. Kurz gesagt: Eine aktuelle Analyse des RIVM zeigt, dass eine extreme Hitzewelle, für die das KNMI eine Code-Rot-Warnung herausgegeben hatte, zwischen dem 22. Juni und dem 5. Juli zu mindestens 900 zusätzlichen Todesfällen führte. Obwohl die spezifischen Todesursachen nicht bekannt sind…",Hittegolf in Nederland zorgt voor minstens 900 extra sterfgevallen,"In het kort Uit een recente analyse van het RIVM blijkt dat een extreme hittegolf, waarvoor het KNMI een code rood-waarschuwing had afgegeven, tussen 22 juni en 5 juli tot minstens 900 extra sterfgevallen heeft geleid. Hoewel de specifieke doodsoorzaken niet …","Heat wave in the Netherlands causes at least 900 additional deaths. In short A recent analysis by the RIVM shows that an extreme heat wave, for which the KNMI had issued a code red warning, led to at least 900 additional deaths between June 22 and July 5. Although the specific causes of death are not…","Fluctus aestus in Belgio saltim 900 adiectis mortibus creat. Breviter Analysis recentis per RIVM ostendit fluctus calorem extremum, pro quo KNMI codicem red admonitionem ediderit, ad saltem 900 adiectis mortibus inter 22 Iunii et 5. Iulii. Etsi certae causae mortis non sunt ...",https://newsmonkey.be/hittegolf-in-nederland-zorgt-voor-minstens-900-extra-sterfgevallen/,https://media.newsmonkey.be/2026/06/pexels-tima-miroshnichenko-5928326-scaled.jpg,,"In het kort
<ul><li>De extreme hitte heeft in heel Nederland voor minstens 900 extra sterfgevallen gezorgd.</li><li>Ouderen en mensen met chronische aandoeningen liepen het grootste risico om te ove… [+2502 chars]",,2026-07-25 21:28:11+00:00,wmo,Switzerland,WCE,Europe
d4d1a5b1e78cd0c53e4c50875a3ffdde,2026-07-21T12:55:22Z,Snow&Ice,nachtvorst,www.nrc.nl,nl,0.9,"Nach extremer Hitze wurde in Twente nun erstmals seit 1971 im Juli Nachtfrost gemessen. In der Nacht von Montag auf Dienstag wurden am Boden in Twente kurzzeitig -0,1 Grad Celsius gemessen. Dies bedeutet, dass es im Juli zum ersten Mal seit 1971 in den Niederlanden Nachtfrost gab. Weniger als vier Wochen zuvor bemerkte derselbe KNM…","Na extreme hitte nu nachtvorst gemeten in Twente, voor het eerst sinds 1971 in de maand juli","In de nacht van maandag op dinsdag is in Twente aan de grond korte tijd -0,1 graad Celsius gemeten. Dat betekent dat er voor het eerst sinds 1971 in Nederland sprake is geweest van nachtvorst in de maand juli. Nog geen vier weken eerder noteerde hetzelfde KNM…","After extreme heat, night frost has now been measured in Twente, for the first time since 1971 in July. During the night from Monday to Tuesday, -0.1 degrees Celsius was measured on the ground in Twente for a short time. This means that for the first time since 1971, there has been night frost in the Netherlands in July. Less than four weeks earlier, the same KNM noted…","Post nimium calorem, nox pruina iam in twente mensurata est, primum ab anno 1971 mense Iulio. Nox a Lunae ad Martis, -0.1 gradus Celsius terram in Twente paulisper mensurata est. Hoc significat primum ab anno 1971, in Nederlandia in mense Iulio nox pruina facta est. Minus quam quattuor septimanas ante, idem KNM notavit…",https://www.nrc.nl/nieuws/2026/07/21/na-extreme-hitte-nu-nachtvorst-gemeten-in-twente-voor-het-eerst-sinds-1971-in-de-julimaand-a4932960,https://images.nrc.nl/obEoC2JCUSbuB_6Ml6xGf94sbfM=/1200x627/smart/filters:no_upscale()/s3/static.nrc.nl/wp-content/uploads/2026/07/21140700/210726VER_2035377540_gras.jpg,,"In de nacht van maandag op dinsdag is in Twente aan de grond korte tijd -0,1 graad Celsius gemeten. Dat betekent dat er voor het eerst sinds 1971 in Nederland sprake is geweest van nachtvorst in de m… [+1262 chars]",,2026-07-25 21:28:11+00:00,random,,,
335b05cf62ce51d2bfc3596fd96aa032,2026-07-16T12:42:08Z,Drought,droogte nederland,www.nrc.nl,nl,0.7,"Das Ministerium für Infrastruktur und Wasserwirtschaft spricht nun von einer „tatsächlichen Wasserknappheit“ in den Niederlanden. Aufgrund der anhaltenden Dürre herrscht in den Niederlanden Wassermangel. Das teilte das Ministerium für Infrastruktur und Wasserwirtschaft am Donnerstag mit. Seit Anfang Juli herrschte eine „drohende Wasserknappheit“ (Stufe 1), doch auf Anraten der Landeskoordination...",Ministerie van Infrastructuur en Waterstaat spreekt nu van ‘feitelijk watertekort’ in Nederland,Door aanhoudende droogte is er sprake van een watertekort in Nederland. Dat meldt het ministerie van Infrastructuur en Waterstaat op donderdag. Sinds begin juli was er sprake van een ‘dreigend watertekort’ (niveau 1) maar op advies van de Landelijke Coördinat…,"The Ministry of Infrastructure and Water Management now speaks of an 'actual water shortage' in the Netherlands. Due to persistent drought, there is a water shortage in the Netherlands. The Ministry of Infrastructure and Water Management reported this on Thursday. There had been an 'imminent water shortage' (level 1) since the beginning of July, but on the advice of the National Coordinate...","Ministerium Infrastructure et Aquarum Management nunc de ""aqua penuria actualis"" in Nederlandia loquitur. Ob siccitatem assiduam, penuria aquarum in Belgio est. Ministerium Infrastructure et Aquae Management die Iovis haec rettulerunt. Fuerat 'aquarum inopia imminentis' ab initio mensis Iulii, sed de consilio Coordinatae Nationalis.",https://www.nrc.nl/nieuws/2026/07/16/ministerie-van-infrastructuur-en-waterstaat-spreekt-nu-van-feitelijk-watertekort-in-nederland-a4932652,https://images.nrc.nl/APh4R5aTvaZcuKW1D7sTy1pJG8o=/1200x627/smart/filters:no_upscale()/s3/static.nrc.nl/wp-content/uploads/2026/07/16140305/160726VER_2035279936_1.jpg,,Door aanhoudende droogte is er sprake van een watertekort in Nederland. Dat meldt het ministerie van Infrastructuur en Waterstaat op donderdag. Sinds begin juli was er sprake van een dreigend waterte… [+1828 chars],,2026-07-27 21:42:30+00:00,edo,Netherlands,NEU,Europe
40d621d62b3f5eb91086c6002a6764fd,2026-07-13T14:00:00Z,Tropical Cyclone,aanlanding,www.nrc.nl,nl,0.9,"Kernkraftwerke im Eemshaven. Groningen wird keine Kernkraftwerke haben, es hat genug Ärger mit der Gasförderung gegeben, nein, wir machen einen „Nij Begun“: mehr saubere Energie, die Landung der Windenergie im Eemshaven, die Entwicklung von Wasserstoff. Das war die Vereinbarung der Provinz mit…",Kerncentrales in de Eemshaven,"Groningen krijgt geen kerncentrales, er is al genoeg narigheid geweest met de gaswinning, nee we maken een ‘Nij Begun’: meer schone energie, de aanlanding van windenergie in de Eemshaven, de ontwikkeling van waterstof. Dat was de afspraak van de provincie met…","Nuclear power stations in the Eemshaven. Groningen will not have nuclear power stations, there has been enough trouble with gas extraction, no, we are making a 'Nij Begun': more clean energy, the landing of wind energy in the Eemshaven, the development of hydrogen. That was the province's agreement with…","Statio potestatis nuclei in Eemshaven. Groninga stationes nucleares non habebit, satis negotii fuit cum extractione gasi, imo nos ""Nij Begun"" facit: energia purior, energiae ventorum in Eemshaven evolutionem hydrogenii appulit. Conventio provinciae erat cum…",https://www.nrc.nl/nieuws/2026/07/13/kerncentrales-in-de-eemshaven-a4932367,"https://images.nrc.nl/wYC3qpaqxP4cD1LNs1SN_LBAAAo=/1200x627/smart/filters:no_upscale():format(jpeg):fill(f8f8f8,true)/s3/static.nrc.nl/taxonomy/cd714fc-Vos%2520Marjoleine%2520de%25202023%2520%255BDoomernik%25202319%255D%25201280.png",,"Groningen krijgt geen kerncentrales, er is al genoeg narigheid geweest met de gaswinning, nee we maken een Nij Begun: meer schone energie, de aanlanding van windenergie in de Eemshaven, de ontwikkeli… [+3036 chars]",,2026-07-29 12:32:43+00:00,random,,,
23a5848547cfcd5b603242827de279ad,2026-07-11T09:45:10Z,Tropical Cyclone,orkaan,jeugdjournaal.nl,nl,0.9,"Hurrikan Bavi zieht über Japan hinweg und ist nun auf dem Weg nach China. In China müssen wegen eines Hurrikans mehr als 600.000 Menschen ihre Häuser verlassen. Hurrikan Bavi ist bereits zuvor über einen Teil Japans hinweggefegt.
 Der Hurrikan verursachte dort Unwetter und Schäden. Es wurden Windböen von fast 200 Stundenkilometern gemessen und der Regen…","Orkaan Bavi trekt over Japan, nu onderweg naar China","In China moeten meer dan 600.000 mensen hun huis uit omdat er een orkaan aankomt. Orkaan Bavi is eerder al over een deel van Japan getrokken.
 Daar zorgde de orkaan voor noodweer en schade. Er zijn windstoten van bijna 200 kilometer per uur gemeten en het reg…","Hurricane Bavi passes over Japan, now on its way to China. In China, more than 600,000 people have to leave their homes because of a hurricane. Hurricane Bavi has previously passed over part of Japan.
 The hurricane caused severe weather and damage there. Wind gusts of almost 200 kilometers per hour have been measured and the rain…","Procellae Bavi transit Iaponiam, nunc in itinere Sinae. In Sinis, plus quam 600,000 homines propter procellam domi relinquere debent. Procellae Bavi partem Iaponiae antea transiit.
 Procellae graves tempestates et ibi damnum intulerunt. Ventus procellis 200 fere chiliometrorum per horam mensurae sunt et pluviae…",https://jeugdjournaal.nl/l/2622592,https://images.cdn.nos.nl/4/G/K/1/3/X/3bKRpahLCZtKqz2d2rsaJdP8HQmATtjVNPPJAeG/8x52x3984x2241-1280x720.webp,,"In China moeten meer dan 600.000 mensen hun huis uit omdat er een orkaan aankomt. Orkaan Bavi is eerder al over een deel van Japan getrokken.
Daar zorgde de orkaan voor noodweer en schade. Er zijn w… [+351 chars]",,2026-07-31 04:03:18+00:00,random,,,
31c6a812ed312f9132e971b02d0ed4c3,2026-07-20T14:33:03Z,Tropical Cyclone,orkaan,jeugdjournaal.nl,nl,0.9,"Wie rettet man sich bei einem Hurrikan? In China haben sie regelmäßig mit großen Stürmen und Hurrikanen zu kämpfen. Sie verursachen viele Probleme, beispielsweise Überschwemmungen.
 Um die Menschen besser auf Unwetter vorzubereiten, hat ein Unternehmen in China ein spezielles Hurrikan-Training entwickelt. Die Schulung soll…",Hoe red je jezelf in een orkaan?,"In China hebben ze er regelmatig mee te maken: grote stormen en orkanen. Die veroorzaken veel problemen, zoals overstromingen.
 Om mensen beter voor te bereiden op noodweer, bedacht een bedrijf in China een speciale orkaantraining. De training is bedoeld om m…","How do you save yourself in a hurricane? In China they regularly have to deal with major storms and hurricanes. They cause many problems, such as flooding.
 To better prepare people for severe weather, a company in China came up with special hurricane training. The training is intended to…","Quomodo te in tempestate servas? In Sinis solent habere de magnis procellis et turbinibus. Causae multae difficultates, ut inundationes.
 Ad graviorem tempestatem melius praeparandum, societas in Sinis peculiari procellae disciplina accessit. Disciplina in animo est…",https://jeugdjournaal.nl/l/2623767,https://images.cdn.nos.nl/4/D/4/G/P/x/zjehXevby2dzP48WEJhA7GgqcTfNA3sJFKmy8ai/0x0x4000x2250-1280x720.webp,,"In China hebben ze er regelmatig mee te maken: grote stormen en orkanen. Die veroorzaken veel problemen, zoals overstromingen.
Om mensen beter voor te bereiden op noodweer, bedacht een bedrijf in Ch… [+223 chars]",,2026-07-31 04:03:18+00:00,random,,,
da2941e6bab62bddc6af30c82fb9a4c0,2026-07-02T16:21:24Z,Heat Wave,hittegolf belgië,www.tvl.be,nl,0.9,"Beispiellose Übersterblichkeit von 39 Prozent während der letzten Hitzewelle, 1.222 zusätzliche Todesfälle. Während der vergangenen Hitzewelle wurde in ganz Belgien eine Übersterblichkeit von 39 Prozent festgestellt, was 1.222 zusätzlichen Todesfällen entspricht. Dies geht aus Zahlen der Risikomanagementgruppe des FÖD Volksgesundheit hervor, die von einer „beispiellos hohen Übersterblichkeit“ sprechen.","Ongeziene oversterfte van 39 procent tijdens afgelopen hittegolf, 1.222 bijkomende overlijdens","Tijdens de voorbije hittegolf werd een oversterfte van 39 procent vastgesteld in heel België, goed voor 1.222 bijkomende overlijdens. Dat blijkt uit cijfers van de Risk Management Group van de FOD Volksgezondheid, die spreekt van een ""ongezien hoge oversterft…","Unprecedented excess mortality of 39 percent during the last heat wave, 1,222 additional deaths. During the past heat wave, an excess mortality of 39 percent was found throughout Belgium, accounting for 1,222 additional deaths. This is evident from figures from the Risk Management Group of the FPS Public Health, which speaks of an ""unprecedentedly high excess mortality...","Inauditus excessus mortalitatis 39 sentio in ultimis caloribus fluctus, 1,222 mortibus additis. Per aestum praeteritum fluctus, excessus mortalitatis 39 centesimis per Belgium repertus est, accedens ad 1,222 mortibus additis. Patet hoc ex figuris ex periculo procurationis Group FPS Salutis Publicae, quae loquitur de ""subito mortalitatis excessu.",https://www.tvl.be/nieuws/ongeziene-oversterfte-van-39-procent-tijdens-afgelopen-hittegolf-1222-bijkomende-overlijdens-181742,https://shared.tvl.be/ext/tvl/w1200/20260702-001-6223.jpg?t=1783016495,,"Tijdens de voorbije hittegolf werd een oversterfte van 39 procent vastgesteld in heel België, goed voor 1.222 bijkomende overlijdens. Dat blijkt uit cijfers van de Risk Management Group van de FOD Vo… [+825 chars]",,2026-07-31 21:41:52+00:00,wmo,Belgium,WCE,Europe
68f4c4d5b83701c276e327588495136a,2026-07-03T09:45:16Z,Heat Wave,hitte,www.vrt.be,nl,0.9,"1.200 zusätzliche Todesfälle während der Hitzewelle: Diskussion über die Belegung der Notrufnummer 112. Während der Hitzewelle letzte Woche starben in Belgien 1.222 Menschen mehr als im Durchschnitt. Dies geht aus einer vorläufigen Analyse der Risk Management Group hervor. Hätten die Behörden bessere, mehr oder andere Maßnahmen ergreifen sollen? Innerhalb der Bundesregierung…",1.200 extra doden tijdens hittegolf: discussie over bezetting noodnummer 112,"Tijdens de hittegolf van vorige week stierven in België 1.222 mensen meer dan gemiddeld. Dat blijkt uit een voorlopige analyse van de Risk Management Group. Hadden de overheden beter, meer of andere maatregelen moeten nemen? Binnen de federale regering geeft …","1,200 extra deaths during heat wave: discussion about occupancy of emergency number 112. During last week's heat wave, 1,222 more people died in Belgium than average. This is evident from a preliminary analysis by the Risk Management Group. Should the authorities have taken better, more or different measures? Within the federal government…","1,200 extra mortes in fluctu aestus: disceptatio de occupatione numeri subitis 112. Durante hebdomade aestu undarum 1,222 plures homines in Belgio mortui sunt quam mediocris. Hoc constat ex analysi praeliminari per Societas Risk Management. Num auctores meliores, aut plura aut diversa tulerunt? In foederati imperium…",https://www.vrt.be/vrtnws/nl/2026/07/03/hittedoden-oversterfte-112-vandenbroucke-quintin/,https://images.vrt.be/vrtnws_share/2026/07/03/220e9630-87a1-4c26-a004-a5c9e590458f.png,,"Tijdens de hittegolf van vorige week stierven in België 1.222 mensen meer dan gemiddeld. Dat blijkt uit een voorlopige analyse van de Risk Management Group. Hadden de overheden beter, meer of andere … [+3792 chars]",,2026-07-31 21:41:52+00:00,random,,,
e3d360a1517a4a47691b12279aef6853,2026-07-15T13:05:33Z,Heat Wave,hittegolf nederland,www.nrc.nl,nl,0.9,"Seit drei Wochen sterben mehr Menschen als erwartet an den Folgen der Hitze. Öffentliche Gesundheit: Die letzte Hitzewelle in den Niederlanden verursachte drei Wochen lang eine unerwartet hohe Sterblichkeit. Starke Hitze führt im Gegensatz zu Kälte schnell zu einem Höhepunkt der Übersterblichkeit. Die regionalen Unterschiede innerhalb Europas sind groß, erfahren wir…",Door de hitte sterven al drie weken lang meer mensen dan verwacht,"Volksgezondheid: De laatste hittegolf heeft in Nederland drie weken lang gezorgd voor een onverwacht hoge sterfte. Ernstige hitte veroorzaakt snel voor een piek in de oversterfte, anders dan kou. De regionale verschillen zijn binnen Europa wel groot, leert on…","More people than expected have been dying due to the heat for three weeks now. Public health: The last heat wave in the Netherlands caused unexpectedly high mortality for three weeks. Severe heat quickly causes a peak in excess mortality, unlike cold. The regional differences within Europe are large, we learn…","Plures quam expectati sunt propter aestum per tres septimanas iam mori. Valetudo publica: Ultimus fluctus aestus in Belgio ex improviso altam mortalitatem tres septimanas effecit. Gravis calor celeriter apicem in excessu mortalitatis facit, et frigoris dissimilis. Differentiae regionales in Europa magnae sunt, discimus…",https://www.nrc.nl/nieuws/2026/07/15/door-de-hitte-sterven-al-drie-weken-lang-meer-mensen-dan-verwacht-a4932482,https://images.nrc.nl/l-1mJUhi7hdy2whRNmsWN4pelmo=/1200x627/smart/filters:no_upscale()/s3/static.nrc.nl/wp-content/uploads/2026/07/15123455/150726DAT_2035133524_1.jpg,,Nederland heeft ook in derde week ná de hitteperiode van eind juni meer sterfgevallen geregistreerd dan verwacht. In de week van 6 tot en met 12 juli was de totale sterfte in Nederland sterk verhoogd… [+5654 chars],,2026-07-31 21:41:52+00:00,wmo,Netherlands,NEU,Europe
4193890789956f3beba99dc7295aba1c,2026-07-18T10:01:00Z,Heat Wave,hittegolf,newsmonkey.be,nl,0.9,"So reduzieren Sie den Energieverbrauch während einer Hitzewelle um bis zu 60 Prozent. Kurz gesagt: Die wiederkehrenden Hitzewellen in Belgien haben zu einem starken Anstieg der Stromnachfrage geführt, hauptsächlich aufgrund der weit verbreiteten Nutzung von Klimaanlagen. Dieser Trend führt zu erheblichen Verbrauchsspitzen, die sich sowohl auf das Stromnetz als auch auf… auswirken.",Hoe je het energieverbruik met wel 60 procent kunt verminderen tijdens hittegolf,"In het kort De terugkerende hittegolven in België hebben geleid tot een sterke stijging van de vraag naar elektriciteit, vooral door het wijdverbreide gebruik van airconditioning. Deze trend zorgt voor flinke verbruikspieken die zowel het elektriciteitsnet al…","How to reduce energy consumption by up to 60 percent during a heat wave. In short The recurring heat waves in Belgium have led to a sharp increase in electricity demand, mainly due to the widespread use of air conditioning. This trend causes significant consumption peaks that affect both the electricity grid and…","Quam industriam consummationem minuere a usque ad 60 cento per undam caloris. Denique aestus frequentissimi fluctus in Belgio ad acutum incrementum electricitatis postulant, maxime ob diffusum aeris conditionem usum. Haec tenoris apices consummationis significantes causat quae tum electricitatem eget ac…",https://newsmonkey.be/hoe-je-het-energieverbruik-met-wel-60-procent-kunt-verminderen-tijdens-hittegolf/,https://media.newsmonkey.be/2026/06/pexels-paolo-rossa-1121474291-24828656-scaled.jpg,,"In het kort
<ul><li>Slimme beheerstrategieën verlagen het energieverbruik met wel 60 procent</li><li>Gerichte koeling van ruimtes waar mensen verblijven zorgt voor flink lagere energierekeningen.</l… [+3565 chars]",,2026-07-31 21:41:52+00:00,random,,,
ddbd828a1fe2d5f3ff56bceb5f450221,2026-07-23T18:33:00Z,Heat Wave,hittegolf,newsmonkey.be,nl,0.9,"Belgien: Die Sterblichkeitsrate steigt im Juni während der offiziellen Hitzewelle stark an. Kurz gesagt: Aktuelle Daten von Statbel, dem belgischen Statistikamt, deuten auf einen deutlichen Höhepunkt der Zahl der Todesfälle im Juni 2026 hin. Basierend auf Daten aus dem Nationalen Register vom 18. Juli 2026 wurden in diesem Monat insgesamt 9.741 Todesfälle gemeldet...",België: Sterftecijfer schiet omhoog in juni tijdens officiële hittegolf,"In het kort Recente gegevens van Statbel, het Belgische bureau voor de statistiek, wijzen op een flinke piek in het aantal sterfgevallen in juni 2026. Op basis van gegevens uit het Rijksregister van 18 juli 2026 werden er die maand in totaal 9.741 sterfgevall…","Belgium: Death rate shoots up in June during official heat wave. In short Recent data from Statbel, the Belgian statistical office, indicate a significant peak in the number of deaths in June 2026. Based on data from the National Register of July 18, 2026, a total of 9,741 deaths were reported that month...","Belgium: Mors rate progreditur in mense Iunio in unda officialis caloris. Brevis notitiae recentes a Statbel, officio statistica Belgicae, notabile apicem indicant in numero defunctorum mense Iunio 2026. Fundata in notitia nationalis registri die 18 mensis Iulii anno 2026, in summa centum nonaginta novem defunctorum nuntiata sunt mensis illius.",https://newsmonkey.be/belgie-sterftecijfer-schiet-omhoog-in-juni-tijdens-officiele-hittegolf/,https://media.newsmonkey.be/2026/07/frederic-lo-brutto-Gl1wwRfLuEg-unsplash-scaled.jpg,,"In het kort
<ul><li>België registreerde 9.741 sterfgevallen in juni 2026.</li><li>Het sterftecijfer schoot omhoog tijdens een zware hittegolf eind juni.</li><li>Statbel zegt dat er meer onderzoek no… [+1864 chars]",,2026-07-31 21:41:52+00:00,wmo,Switzerland,WCE,Europe
23169661fc8b2d824c6be569dea3d40e,2026-07-27T14:31:00Z,Heat Wave,hitte,newsmonkey.be,nl,0.9,"Belgien verzeichnete während der Hitzewelle im Juni die höchste Zahl zusätzlicher Todesfälle. Kurz gesagt: Daten von EuroMOMO, einem Netzwerk, das die Sterblichkeitsraten in mehr als zwanzig europäischen Ländern verfolgt, zeigen, dass Belgien während der Hitzewelle Ende Juni den größten Anstieg der Zahl zusätzlicher Todesfälle verzeichnete. Laut Sciensano gab es…",België kende het hoogste aantal extra sterfgevallen tijdens de hittegolf in juni,"In het kort Uit gegevens van EuroMOMO, een netwerk dat de sterftecijfers in meer dan twintig Europese landen bijhoudt, blijkt dat België tijdens de hittegolf eind juni de grootste stijging in het aantal extra sterfgevallen kende. Volgens Sciensano waren er in…","Belgium had the highest number of additional deaths during the heat wave in June. In short Data from EuroMOMO, a network that tracks mortality rates in more than twenty European countries, shows that Belgium experienced the largest increase in the number of additional deaths during the heat wave at the end of June. According to Sciensano, there were…","In Belgio summae numero additae mortes in mense Iunio fluctus aestus habuerunt. In summa Data ab EuroMOMO, retis quae mortalitatem rates in plus quam viginti terris Europaeae vestigat, ostendit Belgiam maximum incrementum in numero mortium additorum in fluctus aestus exeunte mense Iunio expertum esse. Secundum Sciensano erant…",https://newsmonkey.be/belgie-kende-het-hoogste-aantal-extra-sterfgevallen-tijdens-de-hittegolf-in-juni/,https://media.newsmonkey.be/2019/07/Slapen-hitte.jpg,,"In het kort
<ul><li>België kende de grootste stijging in het aantal extra sterfgevallen tijdens de hittegolf van eind juni.</li><li>Sociaal-economische ongelijkheid en krappe woonomstandigheden maak… [+1809 chars]",,2026-07-31 21:41:52+00:00,random,,,
446d97e973f11f03980c9eb7970a8193,2026-07-21T11:53:17Z,Snow&Ice,nachtvorst,jeugdjournaal.nl,nl,0.9,"Frost im Sommer? Letzte Nacht war es in Twente eiskalt. In Twente waren es letzte Nacht am Boden -0,1 Grad. Das nennt man Nachtfrost. Und das ist im Sommer etwas ganz Besonderes. Laut Wetterexperten wurde zwischen dem 20. Juli und dem 21. August bisher kein Frost gemessen.
 Es wurde nur die Bodentemperatur gemessen, bei…",Vorst in de zomer? In Twente vroor het vannacht,"In Twente was het vannacht -0,1 graad aan de grond. Dat wordt nachtvorst genoemd. En dat is behoorlijk bijzonder in de zomer. Volgens weersdeskundigen is er niet eerder vorst gemeten tussen 20 juli en 21 augustus.
 Alleen de grondtemperatuur werd gemeten, op …","Frost in the summer? It was freezing last night in Twente. In Twente it was -0.1 degrees on the ground last night. That is called night frost. And that is quite special in the summer. According to weather experts, frost has not previously been measured between July 20 and August 21.
 Only the ground temperature was measured, at…","Pruina in aestate? Heri in Twente torpore fuit. In Twente erat -0.1 gradus in terra heri. id est nox pruina dicitur. Idque aestate satis speciale. Secundum peritos tempestatis, gelu ante diem mensis Iulii XX et XXI Augusti non fuit.
 Sola temperatura humus mensurata est, at…",https://jeugdjournaal.nl/l/2623860,https://images.cdn.nos.nl/3/A/C/7/9/w/jdtTLNs8KwzYbQq4ZGftBK3SkMmeoSeogfnr7E/0x628x4000x2250-1280x720.webp,http://web.archive.org/web/20260722073241/https://jeugdjournaal.nl/l/2623860,"In Twente was het vannacht -0,1 graad aan de grond. Dat wordt nachtvorst genoemd. En dat is behoorlijk bijzonder in de zomer. Volgens weersdeskundigen is er niet eerder vorst gemeten tussen 20 juli e… [+378 chars]",,2026-08-01 07:43:30+00:00,random,,,
001e4f51c2a10fa7bfa56ad8459c5ac5,2026-07-11T10:03:48Z,Landslide,aardverschuiving,www.nrc.nl,nl,0.9,"Aufgrund des Taifuns Bavi, der am Sonntag auf Land trifft, evakuiert China mehr als 1,8 Millionen Menschen. Taifun: Der Tropensturm verursachte zuvor tödliche Erdrutsche auf den Philippinen und verursachte Schäden in Japan und Taiwan. Jetzt bereitet sich Chinas Küstenprovinz Zhejiang auf starken Regen und böige Winde vor.","China evacueert meer dan 1,8 miljoen mensen vanwege tyfoon Bavi, die zondag aan land komt",Tyfoon: De tropische storm veroorzaakte eerder dodelijke aardverschuivingen op de Filippijnen en zorgde voor schade in Japan en Taiwan. Nu zet de Chinese kustprovincie Zhejiang zich schrap voor hevige regenval en windstoten.,"China is evacuating more than 1.8 million people due to Typhoon Bavi, which makes landfall on Sunday. Typhoon: The tropical storm previously caused deadly landslides in the Philippines and caused damage in Japan and Taiwan. Now China's coastal province of Zhejiang is bracing for heavy rain and gusty winds.","Sina plus quam 1.8 decies centena milia hominum ex Typhoon Bavi emittuntur, quod die Dominico trahum facit. Typhoon: Tropica tempestas ante mortifera ruinas in Philippinis effecit et damnum in Iaponia et Taiwan attulit. Nunc provincia maritima Sinarum Zhejiang pluvias et ventos procellosos tenet.",https://www.nrc.nl/nieuws/2026/07/11/china-evacueert-meer-dan-18-miljoen-mensen-vanwege-tyfoon-bavi-die-zondag-aan-land-komt-a4932289,https://images.nrc.nl/xVkUfBaNPEIv737Hojb6Ob9xDsg=/1200x627/smart/filters:no_upscale()/s3/static.nrc.nl/wp-content/uploads/2026/07/11112333/110726VER_2035149068_.jpg,,"In China worden zaterdag meer dan 1,8 miljoen mensen geevacueerd als voorzorgsmaatregel voor de tyfoon Bavi. Deze tropische storm komt naar verwachting zondag aan land in de oostelijke kustprovincie … [+1076 chars]",,2026-08-01 11:45:24+00:00,random,,,
4043a9a0e3e37ed0fa7abbfada34c3cb,2026-07-13T10:25:25Z,Storm,storm,pal.be,nl,0.9,"Ehemaliger spanischer Premierminister: „Frankreich hat keine französischen Spieler“. Der frühere spanische Ministerpräsident Mariano Rajoy hat mit einer Kolumne über die französische Nationalmannschaft für politischen Aufruhr gesorgt. Im Vorfeld des Halbfinales zwischen Spanien und Frankreich schrieb er, Frankreich habe eine starke Mannschaft, aber „keine französische Mannschaft...",Spaanse oud-premier: “Frankrijk heeft geen Franse spelers”,"De voormalige Spaanse premier Mariano Rajoy heeft voor een politieke storm gezorgd met een column over de Franse nationale ploeg. In aanloop naar de halve finale tussen Spanje en Frankrijk schreef hij dat Frankrijk een sterke ploeg heeft, maar “geen Franse sp…","Former Spanish Prime Minister: “France has no French players”. Former Spanish Prime Minister Mariano Rajoy has caused a political storm with a column about the French national team. In the run-up to the semi-final between Spain and France, he wrote that France has a strong team, but “no French sp...","Primus minister Hispanicus pristinus: ""Gallia lusores Gallicos non habet"". Mariano Rajoy primus minister Hispanicus pristinus tempestatem politicam cum columna circa turmas nationales Gallicas effecit. In cursu usque ad semi-ultimum inter Hispaniam et Galliam scripsit Franciam validam turmam habere, sed ""non sp... Gallis"".",https://pal.be/2026/07/mariano-rajoy-politieke-storm/,https://pal.be/wp-content/uploads/2026/07/PAL-Website-1000-X-523-3-6.png,,De voormalige Spaanse premier Mariano Rajoy heeft voor een politieke storm gezorgd met een column over de Franse nationale ploeg. In aanloop naar de halve finale tussen Spanje en Frankrijk schreef hi… [+1576 chars],,2026-08-01 11:45:24+00:00,random,,,
1f128a08faf5b1d8b61790dcfe78bef8,2026-07-22T08:46:45Z,Volcano,vulkaan,www.nrc.nl,nl,0.9,Erdbeben in Venezuela löst vorübergehenden Schlammvulkan in 600 Kilometern Entfernung aus. Tief unter dem Meeresboden wurde durch das Erdbeben vom 24. Juni eine Sandschicht erschüttert. Das Ergebnis ist in Trinidad zu sehen.,Aardbeving in Venezuela veroorzaakt 600 kilometer verderop een tijdelijke moddervulkaan,"Diep onder de oceaanbodem is een zandlaag door elkaar geschud, door de aardbeving van 24 juni. Het gevolg daarvan is te zien bij Trinidad.","Earthquake in Venezuela causes temporary mud volcano 600 kilometers away. Deep beneath the ocean floor, a layer of sand was shaken by the earthquake of June 24. The result can be seen in Trinidad.",Terrae motus in Venezuela causat lutum vulcani temporalis DC chiliometrorum abeuntem. Alta sub oceano solum iacuit harenae motu terrae motu concussa 24. Iunii eventus in Trinidad videri potest.,https://www.nrc.nl/nieuws/2026/07/22/aardbeving-in-venezuela-veroorzaakt-600-kilometer-verderop-een-tijdelijke-moddervulkaan-a4932622,https://images.nrc.nl/mw-v8Xo86w9palKc_ckUdit1As0=/1200x627/smart/filters:no_upscale()/s3/static.nrc.nl/wp-content/uploads/2026/07/15141852/220726WET_2035250434_1.jpg,,"Aan de zuidkant van het Caribische eiland Trinidad heeft zich, net uit de kust, een moddervulkaan gevormd. Het mini-eilandje is tot 4 meter hoog en bevat behalve modder ook stenen en rotsblokken. Het… [+1672 chars]",,2026-08-02 04:06:07+00:00,random,,,
0e6ff412fac57d3ed1e4448699afe461,2026-07-10T12:39:52Z,ice jam,overstromingen,www.nrc.nl,nl,0.7,"Die Überschwemmung in Süd-Limburg forderte im Jahr 2021 keine Todesopfer, es entstand jedoch ein Schaden in Höhe von 1,5 Milliarden. Überschwemmungen: „Zu nass“ war eine Untertreibung für die Katastrophe, die sich im Sommer 2021 ereignete: Große Teile des Geultals wurden überschwemmt, der finanzielle Schaden in Limburg wurde auf 1,5 Milliarden Euro geschätzt. Fünf Jahre nach dem wilden, wirbelnden Gulflood ...","De overstroming in Zuid-Limburg maakte in 2021 geen slachtoffers, maar er was wel voor 1,5 miljard schade","Overstromingen: ‘Te nat’ was een understatement voor de ramp die zich in de zomer van 2021 voltrok: flinke delen van het Geuldal liepen onder, de financiële schade in Limburg was naar schatting 1,5 miljard euro. Vijf jaar na de woeste, kolkende Geulvloed moet…","The flood in South Limburg caused no casualties in 2021, but there was damage worth 1.5 billion. Floods: 'Too wet' was an understatement for the disaster that occurred in the summer of 2021: large parts of the Geul Valley were flooded, the financial damage in Limburg was estimated at 1.5 billion euros. Five years after the wild, swirling Gulflood...","Diluvium in South Limburg nullas casus anno 2021 fecit, sed 1.5 miliarda detrimenti fuit. Diluvia: 'Nimis humida' minoratio fuit propter calamitatem quae aestate anni 2021 facta est: magnae partes Vallis Geul inundatae sunt, damnum oeconomicum in Limburgo ad 1.5 miliarda nummorum aestimatum est. Quinque annis post fera, gurgite Gulflood...",https://www.nrc.nl/nieuws/2026/07/10/de-overstroming-in-zuid-limburg-maakte-in-2021-geen-slachtoffers-maar-er-was-wel-voor-15-miljard-schade-a4931627,https://images.nrc.nl/beKJIyHRXSG_qzuTP3Ts7G9IpuI=/1200x627/smart/filters:no_upscale()/s3/static.nrc.nl/wp-content/uploads/2026/07/09144617/100726WEE_2034783664_Geuldal04.jpg,,"Wie de ultieme ansichtkaartenversie van Zuid-Limburg zoekt, is in de omgeving van Cottessen aan het juiste adres. Bloemrijk grasland, heggen en bosschages staan op de hellingen. Uitgeslepen in het he… [+8226 chars]",,2026-08-03 04:08:50+00:00,random,,,
c005084a39b7d8d0beb80e2cade5c780,2026-07-14T15:31:17Z,ice jam,overstromingen,www.nrc.nl,nl,0.7,"Können widerstandsfähige Wälder eine weitere Katastrophe verhindern? In den Ardennen ist die Angst nicht verschwunden. „Es gibt jedes Jahr Glücksspiel.“ Überschwemmungen: Der Fluss Vesder fließt ruhig in den Ardennen. Doch die wirbelnde Masse von vor fünf Jahren, die weit über die Ufer brach, hinterlässt viele Narben. Die Präventionsarbeit hat begonnen, Insidern zufolge müssen wir jedoch auf die nächsten warten …",Kunnen veerkrachtige bossen een nieuwe ramp voorkomen? In de Ardennen is de angst niet weg. ‘Er wordt elk jaar opnieuw gegokt’,"Overstromingen: De rivier de Vesder kabbelt rustig voort in de Ardennen. Maar de kolkende massa van vijf jaar geleden, die ver buiten haar oevers trad, laat vele littekens na. Het preventiewerk is begonnen, al is het volgens ingewijden wachten op de volgende …","Can resilient forests prevent another disaster? In the Ardennes the fear has not gone away. “There is gambling every year.” Floods: The Vesder river flows quietly in the Ardennes. But the swirling mass of five years ago, which burst far beyond its banks, leaves many scars. The prevention work has started, although according to insiders we have to wait for the next…","Potestne aliae calamitates molles silvae prohibere? In Arduennam metus non recessit. ""Est alea omnibus annis."" Inundationes: Vesder fluvius in Arduennam placide fluit. Sed Gurgite massa ante quinque annos, quae longe ultra ripas suas erupit, multas cicatrices relinquit. Praeventionis labor incepit, quamvis secundum insiders proximos exspectare debeamus…",https://www.nrc.nl/nieuws/2026/07/14/kunnen-veerkrachtige-bossen-een-nieuwe-ramp-voorkomen-in-de-ardennen-is-de-angst-niet-weg-er-wordt-elk-jaar-opnieuw-gegokt-a4931633,https://images.nrc.nl/yrLM503expP8kchSbf3N_S6OzZQ=/1200x627/smart/filters:no_upscale()/s3/static.nrc.nl/wp-content/uploads/2026/07/14161617/140726BIN_2034784085_water.jpg,,"Uitgestrekte, glooiende wegen. Bomen, hoge bomen. Veel dennen. Groen waar je maar kijkt. En toch ook: barsten in de bosgrond. Het is heet en droog in de Vesdervallei. Hoe anders was dat vijf jaar gel… [+9674 chars]",,2026-08-03 04:08:50+00:00,random,,,
b3b93c10a4ebfa51cc854accd423324a,2026-07-07T14:25:44Z,ice jam,overstromingen,pal.be,nl,0.9,"4 Jahre nach den Überschwemmungen in Wallonien. Vor fünf Jahren wurde Wallonien und insbesondere die Provinz Lüttich von schrecklichen Überschwemmungen heimgesucht. Mit einem hohen Tribut: 39 Tote, Hunderte Verletzte und etwa 100.000 Opfer. Um dieses traurige Jubiläum zu begehen, haben mehrere Gemeinden in...",4 jaar na de overstromingen in Wallonië,"Vijf jaar geleden troffen vreselijke overstromingen Wallonië, en in het bijzonder de provincie Luik. Met een zware tol: 39 doden, honderden gewonden en zo'n 100.000 slachtoffers. Ter herdenking van deze trieste verjaardag organiseren verschillende gemeenten i…","4 years after the floods in Wallonia. Five years ago, terrible floods hit Wallonia, and in particular the province of Liège. With a heavy toll: 39 dead, hundreds of injured and about 100,000 victims. To commemorate this sad anniversary, several municipalities in...","4 annis post diluvium in Wallonia. Abhinc quinque annos terribiles inundationes Valloniae, praesertim Leodiensis provinciae, percusserunt. In gravi theloneo: 39 mortuorum centena milia laesa et victimarum circiter 100,000. Ad huius anniversarii memoriam, complura municipia in ...",https://pal.be/2026/07/vesdervallei-wallonie-luik/,https://pal.be/wp-content/uploads/2024/11/Schade-in-Chaudfontaine-in-de-Vesdervallei.-Foto-Photonews.jpg,,"Let op: U kiest hierbij voor handmatige bankoverschrijving. Uw account wordt bij het abonneren geactiveerd, maar uw abonnement gaat pas in werking op het moment dat de betaling bij ons binnen is.
Na… [+247 chars]",,2026-08-03 04:08:50+00:00,random,,,
d39340545efd5894e9ee0f7417c07b54,2026-07-14T09:25:00Z,ice jam,overstromingen,pal.be,nl,0.9,"5 Jahre nach den Überschwemmungen in Wallonien. Vor fünf Jahren wurde Wallonien und insbesondere die Provinz Lüttich von schrecklichen Überschwemmungen heimgesucht. Mit einem hohen Tribut: 39 Tote, Hunderte Verletzte und rund 100.000 Opfer. Um dieses traurige Jubiläum zu begehen, haben mehrere Gemeinden in...",5 jaar na de overstromingen in Wallonië,"Vijf jaar geleden troffen vreselijke overstromingen Wallonië, en in het bijzonder de provincie Luik. Met een zware tol: 39 doden, honderden gewonden en zo’n 100.000 slachtoffers. Ter herdenking van deze trieste verjaardag organiseren verschillende gemeenten i…","5 years after the floods in Wallonia. Five years ago, terrible floods hit Wallonia, and in particular the province of Liège. With a heavy toll: 39 dead, hundreds of injured and around 100,000 victims. To commemorate this sad anniversary, several municipalities in...","V annis post diluvium in Wallonia. Abhinc quinque annos terribiles inundationes Valloniae, praesertim Leodiensis provinciae, percusserunt. Cum gravi theloneo: 39 centena millia laesorum mortuorum et victimarum circiter 100,000. Ad huius anniversarii memoriam, complura municipia in ...",https://pal.be/2026/07/5-jaar-na-de-overstromingen-in-wallonie/,https://pal.be/wp-content/uploads/2024/11/Schade-in-Chaudfontaine-in-de-Vesdervallei.-Foto-Photonews.jpg,,"Vijf jaar geleden troffen vreselijke overstromingen Wallonië, en in het bijzonder de provincie Luik. Met een zware tol: 39 doden, honderden gewonden en zo’n 100.000 slachtoffers. Ter herdenking van d… [+2106 chars]",,2026-08-03 04:08:50+00:00,random,,,
68d10125d7f755f5f7a4ddaf6d7ba04e,2026-07-29T16:02:00Z,Wildfire,bosbrand,newsmonkey.be,nl,0.7,"Waldbrand auf der griechischen Insel Paros zwingt Dörfer zur Evakuierung. Kurz gesagt, die Rettungsdienste haben derzeit Schwierigkeiten, einen Großbrand unter Kontrolle zu bringen, der die griechische Insel Paros verwüstet. Berichten aus Kathimerini zufolge haben heftige Windböen die Brandbekämpfung behindert und die Behörden dazu veranlasst...",Bosbrand op Grieks eiland Paros dwingt dorpen tot evacuatie,"In het kort Hulpdiensten hebben het momenteel zwaar om een enorme brand onder controle te krijgen die het Griekse eiland Paros teistert. Volgens berichten van Kathimerini hebben hevige windvlagen de brandbestrijding bemoeilijkt, waardoor de autoriteiten uit v…","Forest fire on the Greek island of Paros forces villages to evacuate. In short Emergency services are currently having a hard time controlling a huge fire that is ravaging the Greek island of Paros. According to reports from Kathimerini, heavy gusts of wind have hampered firefighting efforts, prompting authorities to...","Silvarum incendium in insula Graeca Parium copiae villas decedere. Breviter subitis officia nunc difficulter moderantur incendium ingens qui Graecam insulam Paros vastat. Secundum relationes Kathimerini, procellarum gravium ventorum nisus pugnantium impeditos habent, auctoritates instigantes.",https://newsmonkey.be/bosbrand-op-grieks-eiland-paros-dwingt-dorpen-tot-evacuatie/,https://media.newsmonkey.be/2026/07/pexels-efrem-efre-2786187-30306029-scaled.jpg,,"In het kort
<ul><li>Harde wind bemoeilijkt de brandbestrijding op het Griekse eiland Paros.</li><li>De autoriteiten hebben verschillende dorpen geëvacueerd om de veiligheid van de bewoners te garand… [+1659 chars]",,2026-08-03 08:50:03+00:00,random,,,
2121ff44b1aa3c34a02717229b17552a,2026-07-23T11:35:53Z,Heat Wave,hitte,www.vrt.be,nl,0.7,"Die Hitzewelle traf hart: Der 27. Juni war wahrscheinlich der zweittödlichste Tag dieses Jahrhunderts in Belgien. Nach vorläufigen Zahlen von Statbel, dem Statistikdienst der Regierung, zählte unser Land am 27. Juni dieses Jahres 651 Todesfälle. Dies könnte es zum zweittödlichsten Tag des 21. Jahrhunderts gemacht haben. Es ist nicht weit, den Schuldigen zu finden: den Hi…",Hittegolf hakte er hard in: 27 juni was wellicht op 1 na dodelijkste dag van deze eeuw in België,"651 overlijdens telde ons land op 27 juni van dit jaar, zo blijkt uit voorlopige cijfers van Statbel, de statistische dienst van de overheid. Daarmee was het wellicht de op 1 na dodelijkste dag van de 21e eeuw. Naar de boosdoener is het niet ver zoeken: de hi…","The heat wave hit hard: June 27 was probably the second deadliest day of this century in Belgium. Our country counted 651 deaths on June 27 of this year, according to provisional figures from Statbel, the government's statistical service. This may have made it the second deadliest day of the 21st century. It is not far to find the culprit: the hi…","Aestus fluctum duram incutit: die 27 mensis Iunii probabiliter secundus dies maximos huius saeculi in Belgio fuit. Patria nostra funera 651 die 27 mensis Iunii huius anni numeravit, secundum figuras provisores de Statbel, ministerium statisticum gubernationis. Forsan hoc effecit secundo Maximos dies saeculi XXI. Haud longe est in reos invenire: hi…",https://www.vrt.be/vrtnws/nl/2026/07/23/27-juni-was-wellicht-de-op-1-na-dodelijkste-dag-van-deze-eeuw-in/,https://images.vrt.be/vrtnws_share/2026/07/23/e2e02665-1f52-41e6-b7a9-56dce50961e7.jpg,,"651 overlijdens telde ons land op 27 juni van dit jaar, zo blijkt uit voorlopige cijfers van Statbel, de statistische dienst van de overheid. Daarmee was het wellicht de op 1 na dodelijkste dag van d… [+2471 chars]",,2026-08-03 13:26:30+00:00,random,,,
3db916502b430568178a178f2637d8f2,2026-07-04T03:58:00Z,Heat Wave,hittegolf,www.vrt.be,nl,0.9,"Nächste Woche werden wir mit einer neuen Hitzewelle liebäugeln: „Wir werden wieder eine längere Warmperiode haben.“ In den kommenden Tagen wird die Temperatur wieder über 25 Grad Celsius steigen und ab Mitte nächster Woche wird eine längere Warmwetterperiode angekündigt. Die Wahrscheinlichkeit einer neuen Hitzewelle sei dann real, „aber es ist jetzt unmöglich abzuschätzen, wie lange sie dauern würde …“","Volgende week flirten we met nieuwe hittegolf: ""We krijgen opnieuw langere warme periode""","De komende dagen klimt het kwik weer boven 25 graden Celsius en vanaf midden volgende week kondigt zich opnieuw een langere periode van warm weer aan. De kans op een nieuwe hittegolf is dan reëel, ""maar het is nu onmogelijk in te schatten hoe lang die zou dur…","Next week we will flirt with a new heat wave: ""We will have another longer warm period"". In the coming days the mercury will rise above 25 degrees Celsius again and a longer period of warm weather will be announced from the middle of next week. The chance of a new heat wave is then real, ""but it is now impossible to estimate how long it would last...","Proxima hebdomade novo aestu fluctuante amabimus: ""Aliud calidum tempus habebimus"". In diebus adventus hydrargyri iterum ascendet supra 25 gradus Celsius et diutius tempus tepidi temporis a media septimana proxima annuntiabitur. Casus novi caloris fluctus tunc verus est, ""sed nunc aestimari impossibile est quam diu duraret...",https://www.vrt.be/vrtnws/nl/2026/07/03/hoe-warm-wordt-het-de-komende-dagen/,https://images.vrt.be/vrtnws_share/2025/07/01/65784d86-58d3-449d-b810-be3f434f3384.jpg,,"De komende dagen klimt het kwik weer boven 25 graden Celsius en vanaf midden volgende week kondigt zich opnieuw een langere periode van warm weer aan. De kans op een nieuwe hittegolf is dan reëel, ""m… [+2803 chars]",,2026-08-03 13:26:30+00:00,wmo,Switzerland,WCE,Europe
e1ea82b70f55eb3c78128db201b2df88,2026-07-10T09:37:25Z,Snow&Ice,rijp,www.vrt.be,nl,0.9,"Leistung eines kleinen Atomreaktors, Kosten 700 Millionen Euro: Der Bau des größten belgischen Batterieparks aller Zeiten kann beginnen. Die niederländische Giga Storage kann im September mit dem Bau des größten belgischen Batterieparks aller Zeiten auf dem Gelände der ehemaligen Rotem-Zinkfabrik (Dilsen-Stokkem) beginnen. Es wird 640 große Batterien geben, die zusammen 2.800 MWh grünen Strom speichern können...","Vermogen van kleine kernreactor, prijskaartje van 700 miljoen euro: bouw grootste Belgische batterijpark ooit kan starten","Het Nederlandse Giga Storage kan in september starten met de bouw van het grootste Belgische batterijpark ooit, op de site van de voormalige zinkfabriek van Rotem (Dilsen-Stokkem). Er komen 640 grote batterijen die samen 2.800 MWh aan groene stroom kunnen ops…","Power of small nuclear reactor, price tag of 700 million euros: construction of the largest Belgian battery park ever can start. The Dutch Giga Storage can start construction of the largest Belgian battery park ever in September, on the site of the former Rotem zinc factory (Dilsen-Stokkem). There will be 640 large batteries that together can store 2,800 MWh of green energy...","Potestas reactoris nuclearis parvae, pretium 700 milionum euronum, constructio maximae pugnae Belgicae parcum semper incipere potest. Batavi Giga Storage inire possunt constructionem maximae pugnae Belgicae parco mense Septembri semper, in situ officinae zinci prioris Rotem (Dilsen-Stokkem). 640 Latonae magnae erunt quae simul condere poterunt 2,800 MWH viridis industriae...",https://www.vrt.be/vrtnws/nl/2026/07/10/giga-storage-batterijpark-dilsen-stokkem/,https://images.vrt.be/vrtnws_share/2026/07/10/7991a0b9-aad9-4163-9212-740818434fb1.jpg,,"Het Nederlandse Giga Storage kan in september starten met de bouw van het grootste Belgische batterijpark ooit, op de site van de voormalige zinkfabriek van Rotem (Dilsen-Stokkem). Er komen 640 grote… [+3387 chars]",,2026-08-03 13:26:30+00:00,random,,,
303bba0646f780f9f69e235e45b9cb24,2026-07-18T14:30:00Z,Heat Wave,hitte,businessam.be,nl,0.9,"Extreme Hitze setzt die französische Stromversorgung unter Druck. Wichtige Erkenntnisse: Extreme Hitze hätte das Gaskraftwerk in Martigues fast zur Abschaltung gezwungen, weil das Kühlwasser zu heiß wurde. Steigende Temperaturen und niedrige Wasserstände haben 14 Prozent des gesamten Energiepotenzials Frankreichs vernichtet ...",Extreme hitte zet Franse elektriciteitsvoorziening onder druk,Key takeaways Extreme hitte zorgde er bijna voor dat de gascentrale in Martigues stilgelegd moest worden doordat het koelwater te warm werd. Stijgende temperaturen en lage waterstanden hebben 14 procent van het totale energiepotentieel van Frankrijk buiten we…,Extreme heat puts pressure on French electricity supplies. Key takeaways Extreme heat almost forced the gas power plant in Martigues to be shut down because the cooling water became too hot. Rising temperatures and low water levels have wiped out 14 percent of France's total energy potential...,Extremus calor pressuram in commeatu electricitatis Gallico ponit. Clavis takeaways Extremi caloris paene vim gasi plantae in Martigues claudendi coegit quia aqua frigida nimis calida facta est. Ascendens temperaturas et aquae humilis gradus XIV centesimas totius industriae potentiae Francogalliae deleverunt...,https://businessam.be/extreme-hitte-zet-franse-elektriciteitsvoorziening-onder-druk/,https://media.businessam.be/Martigues.jpg,,"Key takeaways
<ul><li>Extreme hitte zorgde er bijna voor dat de gascentrale in Martigues stilgelegd moest worden doordat het koelwater te warm werd.</li><li>Stijgende temperaturen en lage waterstand… [+2646 chars]",,2026-08-03 13:26:30+00:00,random,,,
2dcde480bf84f57a8142416dba928a26,2026-07-27T09:34:21Z,Heat Wave,hitte,www.tvl.be,nl,0.9,"Nirgendwo war die Übersterblichkeit im Juni so hoch wie bei uns. Nirgendwo sonst in Europa war die Übersterblichkeit während der Hitzewelle Ende Juni so hoch wie in Belgien. Das berichtet EuroMOMO, das Netzwerk, das die Sterblichkeit in mehr als 20 europäischen Ländern vergleicht. Mit 48 Prozent mehr Todesfällen als üblich litten wir...",Oversterfte in juni was nergens zo hoog als in ons land,"Nergens anders in Europa was de oversterfte tijdens de hittegolf van eind juni zo hoog als in België. Dat meldt EuroMOMO, het netwerk dat de mortaliteit in meer dan 20 Europese landen met elkaar vergelijkt. Met 48 procent meer overlijdens dan anders leden we …","Excess mortality in June was nowhere as high as in our country. Nowhere else in Europe was the excess mortality during the heat wave at the end of June as high as in Belgium. This is reported by EuroMOMO, the network that compares mortality in more than 20 European countries. With 48 percent more deaths than usual, we suffered...","Excessus mortalitas in mense Iunio nullibi tam alta quam in patria nostra fuit. Nusquam alibi in Europa fuit excessus mortalitatis in aestu fluctu extremo mense Iunio tam altus quam in Belgio. Haec ab EuroMOMO nuntiaverunt, reticulum quod plus quam XX Europae terris mortalitati comparat. Cum 48 cento plures mortes solito, passi sumus.",https://www.tvl.be/nieuws/oversterfte-in-juni-was-nergens-zo-hoog-als-in-ons-land-182131,https://shared.tvl.be/ext/tvl/w1200/20260727-001-5840.jpg?t=1785152071,,"Nergens anders in Europa was de oversterfte tijdens de hittegolf van eind juni zo hoog als in België. Dat meldt EuroMOMO, het netwerk dat de mortaliteit in meer dan 20 Europese landen met elkaar verg… [+290 chars]",,2026-08-03 13:26:30+00:00,random,,,
7793e1a38984b4ef35a15fa5146095d6,2026-07-28T10:44:00Z,Heat Wave,hitte,businessam.be,nl,0.9,Die Grünen fordern einen EU-Sofortgipfel zur tödlichen Hitzewelle in Europa. Wichtige Erkenntnisse Die Grünen fordern eine Dringlichkeitssitzung des Europäischen Rates zur Bekämpfung der tödlichen Hitzewelle. Die für die Klimaresilienz benötigten 70 Milliarden Euro müssen über Windfall-Steuern auf fossile Brennstoffe finanziert werden. Indem man nichts tut …,Groen eist spoedtop van de EU over de dodelijke hittegolf in Europa,Key takeaways Groen eist een spoedvergadering van de Europese Raad om de dodelijke hittegolf te bestrijden. De 70 miljard euro die nodig is voor klimaatbestendigheid moet worden gefinancierd met windfall-belastingen op fossiele brandstoffen. Door niets te doe…,Green demands an emergency EU summit on the deadly heat wave in Europe. Key takeaways Green demands an emergency meeting of the European Council to combat the deadly heat wave. The 70 billion euros needed for climate resilience must be financed with windfall taxes on fossil fuels. By doing nothing…,Viridis summitas Europaeae subitis exigit in unda letali aestus in Europa. Clavis takeaways Viridis postulat tempus subitis conventus Consilii Europaei ad pugnandum fluctus lethalis caloris. LXX miliarda euros ad mollitiam climatis necessarii debent cum vectigalibus caducis in fossilibus fossilibus domari. Nihil agendo…,https://businessam.be/groen-eist-spoedtop-van-de-eu-over-de-dodelijke-hittegolf-in-europa/,https://media.businessam.be/IMG_3707.jpg,,"Key takeaways
<ul><li>Groen eist een spoedvergadering van de Europese Raad om de dodelijke hittegolf te bestrijden.</li><li>De 70 miljard euro die nodig is voor klimaatbestendigheid moet worden gefi… [+3029 chars]",,2026-08-03 13:26:30+00:00,random,,,
c3689094722c51569b734cd3ab0cbbfc,2026-07-03T14:15:32Z,Heat Wave,hitte,www.nrc.nl,nl,0.9,"Ein Brand entlang der Strecke legt den halben Zugverkehr lahm. Der Abschnitt in der niederländischen Infrastruktur ist ausgefallen. Infrastruktur: Ein geknicktes Kabel legt den Zugverkehr zwischen Rotterdam und dem Süden tagelang lahm, Hitze kräuselt die Gleise und lässt den Asphalt aufquellen. Extremes Wetter wird zur Norm und der Verkehr wird immer dichter – aber die niederländische Infrastruktur ist vorhanden …",Eén brandje langs het spoor legt het halve treinverkeer plat. De rek is eruit in de Nederlandse infrastructuur,"Infrastructuur: Een geknikte kabel legt het treinverkeer tussen Rotterdam en het zuiden dagenlang plat, hitte krult het spoor en doet het asfalt bollen. Extreem weer wordt de norm en het verkeer wordt almaar zwaarder — maar de Nederlandse infrastructuur is er…","One fire along the track paralyzes half the train traffic. The stretch in the Dutch infrastructure is out. Infrastructure: A kinked cable paralyzes train traffic between Rotterdam and the south for days, heat curls the track and causes the asphalt to bulge. Extreme weather is becoming the norm and traffic is becoming increasingly heavier — but the Dutch infrastructure is there…","Ignis unus per tramitem torpescit, dimidium traminis traxerant. Tractus in infrastructura Batavica est extra. Infrastructure: Funis kinked commercium inter Roterodamum et meridiem per dies torpescit, vestigia aestus crispat et bitumen tumori facit. Tempestas extrema fit norma ac negotiatio in dies graviorque fit — sed infrastructura Batavica ibi est...",https://www.nrc.nl/nieuws/2026/07/03/een-brandje-langs-het-spoor-legt-het-halve-treinverkeer-plat-de-rek-is-eruit-in-de-nederlandse-infrastructuur-a4931641,https://images.nrc.nl/LHZ-rj5b1IfBSDPpm5Ge_jn-4Qw=/1200x627/smart/filters:no_upscale()/s3/static.nrc.nl/wp-content/uploads/2026/07/02160847/030726ECO_2034920689_infrastructuur.jpg,,"Eén brandje, dagenlang geen treinen. Het incident dat sinds maandag het treinverkeer tussen Rotterdam en het zuiden van het land stillegt, lijkt klein. In een kabelgoot bij station Rotterdam Stadion … [+11308 chars]",,2026-08-03 17:28:31+00:00,random,,,
8f202f748f2c21204c5c5c28591ee264,2026-07-22T15:47:05Z,Heat Wave,hitte,www.nrc.nl,nl,0.9,Während der Hitzewelle in Frankreich starben innerhalb von zwei Wochen 5.764 Menschen mehr als normal. In Frankreich wurden während der Hitzewelle zwischen dem 17. Juni und dem 2. Juli 5.764 Todesfälle mehr registriert als normal im gleichen Zeitraum. Das geht aus den am Mittwoch veröffentlichten vorläufigen Zahlen des französischen Gesundheitsdienstes Santé publique France hervor...,Tijdens de hittegolf in Frankrijk kwamen in twee weken tijd 5.764 meer mensen om dan normaal,In Frankrijk zijn tijdens de hittegolf tussen 17 juni en 2 juli 5.764 meer sterfgevallen geregistreerd dan normaal gesproken in dezelfde periode. Dat blijkt uit de woensdag gepubliceerde voorlopige cijfers van de Franse gezondheidsdienst Santé publique France…,"During the heat wave in France, 5,764 more people died than normal in two weeks. In France, 5,764 more deaths were recorded during the heat wave between June 17 and July 2 than normal during the same period. This is evident from the provisional figures published on Wednesday by the French health service Santé publique France...","Per undam aestus in Gallia, 5,764, plures homines mortui sunt quam normales in duabus septimanis. In Gallia, anno V, 764, plures mortes in aestu aestu inter diem 17 et diem mensis Iunii inter 2 Iulii recensiti sunt quam normales per idem tempus. Hoc constat ex figuris provisivis die Mercurii editis per servitium sanitatis gallicae Santé publica Gallia...",https://www.nrc.nl/nieuws/2026/07/22/tijdens-de-hittegolf-in-frankrijk-kwamen-in-twee-weken-tijd-5-764-meer-mensen-om-dan-normaal-a4933057,https://images.nrc.nl/I8K2DJnbnuBHFs125QStswKIWHY=/1200x627/smart/filters:no_upscale()/s3/static.nrc.nl/wp-content/uploads/2026/07/22163730/220726VER_2035414608_.jpg,,In Frankrijk zijn tijdens de hittegolf tussen 17 juni en 2 juli 5.764 meer sterfgevallen geregistreerd dan normaal gesproken in dezelfde periode. Dat blijkt uit de woensdag gepubliceerde voorlopige c… [+1160 chars],,2026-08-05 17:05:15+00:00,random,,,
930d262b6d6929dce294ea9c9abd9835,2026-07-28T11:02:00Z,Wildfire,bosbrand,newsmonkey.be,nl,0.9,"Frankreich und Spanien bereiten sich auf neue Hitzewellen und mögliche Waldbrände vor. Kurz gesagt: Sowohl Frankreich als auch Spanien bereiten sich auf immer heißere Hitzewellen vor, wobei Temperaturen über 40 Grad Celsius vorhergesagt werden. Die spanischen Wetterdienste gehen davon aus, dass diese schweren Bedingungen bis Sonntag anhalten werden, sodass es…",Frankrijk en Spanje maken zich klaar voor nieuwe hittegolven en mogelijke bosbranden,"In het kort Zowel Frankrijk als Spanje bereiden zich voor op steeds hetere hittegolven, met voorspellingen van temperaturen boven de 40 graden Celsius. De Spaanse weerdiensten verwachten dat deze zware omstandigheden tot en met zondag aanhouden, waardoor het …","France and Spain are preparing for new heat waves and possible forest fires. In brief Both France and Spain are preparing for increasingly hot heat waves, with forecasts of temperatures above 40 degrees Celsius. The Spanish weather services expect these severe conditions to continue until Sunday, making it…","Gallia et Hispania novos aestus fluctus et ignes silvae fieri parat. Brevibus utraque Gallia et Hispania parantur fluctus aestus magis magisque aestuosos, cum praenotionibus temperaturis supra 40 gradus Celsius. Ministeria tempestatis Hispani has graves condiciones exspectant ut usque ad diem dominicum perseverent.",https://newsmonkey.be/frankrijk-en-spanje-maken-zich-klaar-voor-nieuwe-hittegolven-en-mogelijke-bosbranden/,https://media.newsmonkey.be/2026/07/pexels-yavuz-solgun-26647055-28536734-scaled.jpg,,"In het kort
<ul><li>Extreme hittegolven zorgen voor rampzalige bosbranden in Frankrijk en Spanje.</li><li>Door grootschalige evacuaties zijn meer dan 320.000 mensen uit hun huizen verdreven.</li><li… [+3167 chars]",,2026-08-05 17:05:15+00:00,random,,,
5c233c50b47685d24b232423a27e8cbd,2026-07-11T18:01:00Z,Storm,storm,businessam.be,nl,0.9,"Der Taifun Bavi sorgt in China und den umliegenden Ländern für große Unruhe. Wichtige Erkenntnisse China hat mehr als 900.000 Einwohner evakuiert, um sie vor dem Taifun Bavi zu schützen. Taiwan hat alle Flüge eingestellt und Tausende Menschen evakuiert, um Verluste zu vermeiden. Schwere Stürme haben mehrere Teile Asiens heimgesucht…",Tyfoon Bavi veroorzaakt grote onrust in China en omliggende landen,Key takeaways China heeft meer dan 900.000 inwoners geëvacueerd om hen te beschermen tegen tyfoon Bavi. Taiwan heeft alle vluchten stilgelegd en duizenden mensen geëvacueerd om slachtoffers te voorkomen. Zware stormen hebben in verschillende delen van Azië ge…,"Typhoon Bavi causes major unrest in China and surrounding countries. Key takeaways China has evacuated more than 900,000 residents to protect them from Typhoon Bavi. Taiwan has halted all flights and evacuated thousands of people to avoid casualties. Severe storms hit several parts of Asia…","Typhoon Bavi maiorem inquietudinem in Sinis et regionibus circumiacentibus facit. Claves takeaways Sinarum plus 900,000 incolas emisit ut eos a Typhoone Bavi tueretur. Taiwan omnes volatus constitit et milia hominum ad caedes vitandas emisit. Severe storms hit several parts of Asia…",https://businessam.be/tyfoon-bavi-veroorzaakt-grote-onrust-in-china-en-omliggende-landen/,https://media.businessam.be/Bavi.jpg,,"Key takeaways
<ul><li>China heeft meer dan 900.000 inwoners geëvacueerd om hen te beschermen tegen tyfoon Bavi.</li><li>Taiwan heeft alle vluchten stilgelegd en duizenden mensen geëvacueerd om slach… [+2615 chars]",,2026-08-06 03:52:31+00:00,random,,,
82480ee3a86caa240099c6e59bc19bd9,2026-07-23T04:29:00Z,Storm,storm,businessam.be,nl,0.9,"Stillstand heißt verlieren: Wie Sie mit einer intelligenten Lieferkette Unsicherheit in Chancen für Ihr Unternehmen umwandeln können. Es sind herausfordernde Zeiten für Unternehmen. Politische Spannungen, steigende Kraftstoffpreise, Störungen in den Lieferketten … Es scheint ein perfekter Sturm zu sein. In einem solchen Klima muss Ihre Organisation stark sein. Was können Unternehmen tun, um…",Stilstaan is verliezen: hoe je met een slimme toeleveringsketen onzekerheid omzet in kansen voor je business,"Het zijn uitdagende tijden voor bedrijven. Politieke spanningen, stijgende brandstofprijzen, verstoringen in toeleveringsketens … Het lijkt wel een perfecte storm. In zo’n klimaat moet je organisatie sterk in haar schoenen staan. Wat kunnen bedrijven doen om …","To stand still is to lose: how you can convert uncertainty into opportunities for your business with a smart supply chain. These are challenging times for companies. Political tensions, rising fuel prices, disruptions in supply chains… It seems like a perfect storm. In such a climate, your organization must be strong. What can companies do to…","Stare amittere est: quomodo in occasiones negotiorum tuorum cum acri copia catenae convertendi potes dubitationem. Haec tempora societatibus provocant. Tensiones politicae, pretia escae surgentia, distractiones in vinculis supplendi… Tempestas perfecta videtur esse. In tali climate, institutio vestra fortis esse debet. Quid societates facere potest…",https://businessam.be/stilstaan-is-verliezen-hoe-je-met-een-slimme-toeleveringsketen-onzekerheid-omzet-in-kansen-voor-je-business/,https://media.businessam.be/bernd-dittrich-huciLx_BveI-unsplash.jpg,,"Het zijn uitdagende tijden voor bedrijven. Politieke spanningen, stijgende brandstofprijzen, verstoringen in toeleveringsketens Het lijkt wel een perfecte storm. In zon klimaat moet je organisatie st… [+4498 chars]",,2026-08-06 03:52:31+00:00,wmo,Bahrain,ARP,Asia
c58e538555a5fa455ca5ca42c97ed3be,2026-07-29T13:58:08Z,Storm,storm,www.emerce.nl,nl,0.9,ASM International glänzt trotz des Sturms auf dem Chipmarkt. Geschrieben von etoro-Marktanalyst Jean-Paul van Oudheusden Der Jahresumsatz steigt erstmals über 4 Milliarden Euro. Die Umsatzprognose für 2027 wurde auf […] erhöht.,ASM International straalt ondanks de storm op de chipmarkt,Geschreven door etoro-marktanalist Jean-Paul van Oudheusden Jaaromzet stijgt voor het eerst tot boven €4 miljard Omzetverwachting voor 2027 verhoogd tot […],ASM International is shining despite the storm on the chip market. Written by etoro market analyst Jean-Paul van Oudheusden Annual turnover rises above €4 billion for the first time Turnover forecast for 2027 increased to […],ASM Internationalis lucet obstante tempestate in foro chippis. Scriptum ab etoro emporium analyticum Jean-Paul van Oudheusden Genus turnover supra €4 sescenti primum Turnover praecognoscendi 2027 auctum est […],https://www.emerce.nl/wire/asm-international-straalt-ondanks-storm-chipmarkt,https://www.emerce.nl/content/uploads/2026/07/eToro-share-img-430x4001-1.png,,"Geschreven door etoro-marktanalist Jean-Paul van Oudheusden
Jaaromzet stijgt voor het eerst tot boven 4 miljardOmzetverwachting voor 2027 verhoogd tot boven 4,6 miljard
Terwijl de chipsector opnieu… [+2642 chars]",,2026-08-06 03:52:31+00:00,wmo,Bahrain,ARP,Asia
bdd61bf2ef66d9ac88c71591b86ad123,2026-07-08T09:00:00Z,Heat Wave,hitte,www.nrc.nl,nl,0.9,"Städte müssen begrünt werden, um hitzebeständig zu werden. Aber nicht mit einfachem Grün: mit smartem Grün. „Sehen Sie, dieses Gras ist nicht sehr glücklich.“ Klima: Um in den immer heißeren Sommern lebenswert zu bleiben, müssen Städte grüner werden. Ökologen suchen in Den Haag nach den widerstandsfähigsten Pflanzen. „Normalerweise schauen wir uns zwanzig Halme pro Art unter dem Mikroskop an.“","Steden moeten vergroenen om hittebestendig te worden. Maar niet met simpel groen: met slim groen. ‘Kijk, dit gras is niet heel blij’",Klimaat: Om leefbaar te blijven in de alsmaar hetere zomers moeten steden vergroenen. Ecologen zoeken in Den Haag naar de weerbaarste planten. „We bekijken onder de microscoop meestal twintig sprieten per soort.”,"Cities must green up to become heat-resistant. But not with simple green: with smart green. “Look, this grass isn't very happy.” Climate: To remain liveable in the increasingly hot summers, cities must become greener. Ecologists search for the most resilient plants in The Hague. “We usually look at twenty blades per species under the microscope.”","Civitates virides usque ad calorem repugnant. At non viridi viridi: callide viridi. ""Ecce herba haec non est valde felix."" Clima: Ut aestatibus in dies magis calidis vivatur, urbes viridiores fieri debent. Ecologists maxime mollissimas plantas in Haga quaerunt. "" Solent viginti laminas per species sub microscopio aspicere.""",https://www.nrc.nl/nieuws/2026/07/08/steden-moeten-vergroenen-om-hittebestendig-te-worden-maar-niet-met-simpel-groen-met-slim-groen-kijk-dit-gras-is-niet-heel-blij-a4931705,https://images.nrc.nl/wLw_QopR8D_zScdlD6bOqlIz7_w=/1200x627/smart/filters:no_upscale()/s3/static.nrc.nl/wp-content/uploads/2026/07/07163907/080726BIN_2034784776_groenestad1.jpg,,"Als we steeds vaker hittegolven krijgen, als de warmte in de stad aanzienlijk heviger is dan op het platteland, wat ligt dan meer voor de hand dan steden vergroenen om de hitte te dempen? En wat is d… [+7590 chars]",,2026-08-06 08:02:39+00:00,random,,,
a889b96503922eb3501218c047e9b536,2026-07-14T16:54:04Z,Drought,droogte,www.nrc.nl,nl,0.9,"Aufgrund der extremen Dürre ist die Nutzung von Wasser aus Flüssen und Bächen in Mittel- und Westbrabant verboten: „Das sollte jetzt ein Wildwasserfluss sein.“ Extremwetter: Im Wasserverband Brabantse-Delta gilt seit Dienstag tagsüber ein Entnahmeverbot, damit alle Landwirte nachts ausreichend Wasser haben.",Door extreme droogte is het gebruik van water uit rivieren en beekjes in Midden- en West-Brabant verboden: ‘Dit zou nu een wildwaterrivier moeten zijn’,"Extreem weer: In het waterschap Brabantse Delta is sinds deze dinsdag overdag een onttrekkingsverbod van kracht, zodat alle boeren ’s nachts over genoeg water beschikken.","Due to extreme drought, the use of water from rivers and streams in Central and West Brabant is prohibited: 'This should now be a whitewater river'. Extreme weather: In the Brabantse Delta water board, a withdrawal ban has been in force during the day since Tuesday, so that all farmers have enough water at night.","Ob nimiam siccitatem, usus aquae fluminum et fluminum in Media et Occidente Brabantia prohibetur: ""Flumen aquaticum nunc esse debet"". Tempestas extrema: In tabula aquae Brabantse Delta, detractio bannum interdiu post Martis factum est, ut omnes agricolae noctu aquam satis habeant.",https://www.nrc.nl/nieuws/2026/07/14/door-extreme-droogte-is-het-gebruik-van-water-uit-rivieren-en-beekjes-in-midden-en-west-brabant-verboden-dit-zou-nu-een-wildwaterrivier-moeten-zijn-a4932495,https://images.nrc.nl/wbFFGaZs7vqLT5g-6iYAYjb6Dl4=/1200x627/smart/filters:no_upscale()/s3/static.nrc.nl/wp-content/uploads/2026/07/14181223/140726VER_2035203982_BrabantsWaterschap01.jpg,,"Gemaal De Slagen, gelegen naast een groot Waalwijks industrieterrein, is gebouwd in de bedding van het Oude Maasje. Peilmeester Sjoerd Buijks van het waterschap Brabantse Delta loopt de naastgelegen … [+5946 chars]",,2026-08-06 08:02:39+00:00,random,,,
bd0f0b60380c535a316be8cb3e3fbec4,2026-07-14T18:28:58Z,Precipitation,neerslag,www.nrc.nl,nl,0.9,"Zu erwartende Regenfälle helfen kaum gegen die Folgen der Dürre, Wasserverbände ergreifen zusätzliche Maßnahmen. Die für nächste Woche erwarteten Niederschläge reichen nicht aus, um „die Dürrefolgen abzumildern“. Dies schrieb Rijkswaterstaat am Dienstag im wöchentlichen Dürremonitor. Wasserverwalter sind daher gezwungen, „weiterreichende“ Maßnahmen zu ergreifen, um...","Verwachte buien helpen amper tegen gevolgen droogte, waterschappen nemen extra maatregelen","De neerslag die komende week verwacht wordt, is onvoldoende voor „het verlichten van de droogte-effecten”. Dat schrijft Rijkswaterstaat dinsdag in de wekelijkse droogtemonitor. Waterbeheerders zien zich daarom genoodzaakt „verdergaande” maatregelen te nemen o…","Expected showers hardly help against the consequences of drought, water boards are taking extra measures. The precipitation expected next week is insufficient to ""mitigate the drought effects."" Rijkswaterstaat wrote this in the weekly drought monitor on Tuesday. Water managers are therefore forced to take ""more far-reaching"" measures to...","Imbres exspectati vix auxilium contra siccitatis consecutiones, aquae tabulae extra mensuras capiendae sunt. Praecipitatio expectata proxima septimana non sufficit ad effectus siccitatis mitigare. Rijkswaterstaat hoc scripsit in monitore siccitatis septimanalis die Martis. Actores aquae ideo coguntur accipere mensuras ""longius attingendo"".",https://www.nrc.nl/nieuws/2026/07/14/verwachte-buien-helpen-amper-tegen-gevolgen-droogte-waterschappen-nemen-extra-maatregelen-a4932529,https://images.nrc.nl/ns-CbuW8qIK5ZLNAhLY_hY5wmS8=/1200x627/smart/filters:no_upscale()/s3/static.nrc.nl/wp-content/uploads/2026/07/14192307/140726VER_2035228705_droogteWEB.jpg,,"De neerslag die komende week verwacht wordt, is onvoldoende voor het verlichten van de droogte-effecten. Dat schrijft Rijkswaterstaat dinsdag in de wekelijkse droogtemonitor. Waterbeheerders zien zic… [+1545 chars]",,2026-08-06 08:02:39+00:00,wmo,Saudi Arabia,ARP,Asia
a40dfa7641e425b8f3d01b04bcd6a325,2026-07-15T17:23:12Z,Drought,droogte,www.nrc.nl,nl,0.9,"Kann es häufiger zu Deichbrüchen aufgrund von Dürre kommen? „Wenn wir dem Wasser keinen Raum geben, wird das Wasser selbst diesen Raum einnehmen.“ Dürre: Im Jahr 2003 kam es in Wilnis aufgrund eines ausgetrockneten Torfdeichs zu einem Deichbruch. Die Frage ist nun, ob den Niederlanden angesichts des anhaltenden heißen Frühlings und des trockenen Sommers erneut etwas Ähnliches passieren kann. „Jeder in den Niederlanden hat von diesem Deichbruch gehört …","Een dijkdoorbraak door droogte, kan dat vaker gebeuren? ‘Als we water niet de ruimte geven, neemt het water zélf die ruimte’","Droogte: In Wilnis vond in 2003 een dijkdoorbraak plaats, vanwege een uitgedroogde veendijk. De vraag is nu of Nederland met het aanhoudende hete voorjaar en de droge zomer iets dergelijks opnieuw kan overkomen. „Van deze dijkdoorbraak heeft iedereen in Neder…","Can a dike break due to drought happen more often? “If we don't give water space, the water itself will take that space.” Drought: A dike breach occurred in Wilnis in 2003 due to a dried out peat dike. The question now is whether something similar can happen to the Netherlands again with the persistent hot spring and dry summer. “Everyone in the Netherlands has heard about this dike breach…","Potestne fossatum erumpere propter siccitatem saepius evenire? ""Si spatium aquae non dederimus, aqua ipsa illud spatium capiet."" Siccitas: Fossatum ruptura in Wilnis in MMIII ob fossam fossae exsiccatae evenit. Quaeritur nunc, an simile quid in Belgio rursus cum assidua calida vere et siccitate aestatis evenire possit. ""Omnes in Belgio de hoc fossato contritionem audiverunt…",https://www.nrc.nl/nieuws/2026/07/15/een-dijkdoorbraak-door-droogte-kan-dat-vaker-gebeuren-als-we-water-niet-de-ruimte-geven-neemt-het-water-zelf-die-ruimte-a4932501,https://images.nrc.nl/3O7_KwQiRpzKDSbi-T949vUaU2A=/1200x627/smart/filters:no_upscale()/s3/static.nrc.nl/wp-content/uploads/2026/07/14110021/150726WEE_2035201376_wilnis3.jpg,,"De inwoners van Wilnis herinneren zich de watersnood nog goed. Hoe een rommelend geluid midden in de nacht hen wakker hield, zij buren vertelden dat de dijk was doorgebroken, dat water in de richting… [+6658 chars]",,2026-08-06 08:02:39+00:00,random,,,
74791f5abd1fc7d8649bf73aee045319,2026-07-22T14:06:16Z,Heat Wave,hittegolf,www.nrc.nl,nl,0.9,"In Spanien und Frankreich haben Waldbrände bereits Zehntausende Hektar Natur zerstört und die „Waldbrandsaison“ hat gerade erst begonnen. In Spanien – wo am Dienstag die dritte Hitzewelle dieses Sommers begann und die Temperaturen auf über 40 Grad Celsius steigen – wütet seit Montag letzter Woche ein riesiger Waldbrand. Es zerstörte mindestens 32.000 Hektar Wald in der Provinz Guadalajara,...","Natuurbranden verwoestten in Spanje en Frankrijk al tienduizenden hectare natuur, en het ‘bosbrandseizoen’ is pas net begonnen","In Spanje – waar dinsdag de derde hittegolf van deze zomer begon, en waar de temperaturen oplopen tot boven de 40 graden Celsius – woedt sinds vorige week maandag een enorme natuurbrand. Die verwoestte zeker 32.000 hectare bos in de provincie Guadalajara, ten…","Wildfires have already destroyed tens of thousands of hectares of nature in Spain and France, and the 'forest fire season' has only just begun. In Spain - where the third heat wave of this summer started on Tuesday, and where temperatures rise above 40 degrees Celsius - a huge wildfire has been raging since Monday last week. It destroyed at least 32,000 hectares of forest in the province of Guadalajara,...","Ignium incendium iam decem milia hectarum naturae in Hispania et Gallia deleverunt, et ""tempus silvarum ignis"" modo incohatum est. In Hispania - ubi tertius aestus aestus huius aestatis die Martis incepit, et ubi temperaturae supra 40 gradus Celsius ascendunt - ingens incendium efferatum est post Lunae proximam hebdomadem. Saltem 32000 hectares silvarum in provincia Guadalaiarensi destruxit...",https://www.nrc.nl/nieuws/2026/07/22/in-spanje-en-frankrijk-verwoestten-natuurbranden-al-tienduizenden-hectare-natuur-en-het-bosbrandseizoen-is-pas-net-begonnen-a4933047,https://images.nrc.nl/6koAbj9wJRnWvL1GA7oKtY-IIFY=/1200x627/smart/filters:no_upscale()/s3/static.nrc.nl/wp-content/uploads/2026/07/22142542/220726VER_2035408699_Branden.jpg,,"In Spanje waar dinsdag de derde hittegolf van deze zomer begon, en waar de temperaturen oplopen tot boven de 40 graden Celsius woedt sinds vorige week maandag een enorme natuurbrand. Die verwoestte z… [+3131 chars]",,2026-08-06 08:02:39+00:00,wmo,Switzerland,WCE,Europe
9fbb7d50eabb740011e6e826ff12262f,2026-07-23T08:01:33Z,Drought,verdamping,www.nrc.nl,nl,0.9,"Forschung: Extreme Dürre ist kein Zufall, die „Verdunstungsbedingungen“ nehmen durch den Klimawandel zu. Die außergewöhnliche Dürre in Europa in diesem Sommer kann nicht getrennt vom Klimawandel gesehen werden. Höhere Temperaturen erhöhen das Risiko extremer Dürre deutlich, heißt es in einer am Donnerstag veröffentlichten Analyse der World Weather Attribution (WWA), einer…","Onderzoek: extreme droogte is geen toeval, ‘verdampingsomstandigheden’ nemen toe door klimaatverandering","De uitzonderlijke droogte in Europa van deze zomer is niet los te zien van klimaatverandering. Door de hogere temperaturen neemt de kans op extreme droogte aanzienlijk toe, blijkt uit een donderdag verschenen analyse van de World Weather Attribution (WWA), ee…","Research: extreme drought is no coincidence, 'evaporation conditions' are increasing due to climate change. The exceptional drought in Europe this summer cannot be seen separately from climate change. Higher temperatures significantly increase the risk of extreme drought, according to an analysis published on Thursday by the World Weather Attribution (WWA), a…","Investigatio: extrema siccitas nihil accidit, ""condiciones evaporationis"" propter mutationem climatis augentur. Siccitas eximia in Europa hac aestate separatim a mutatione climatis videri non potest. Temperaturae superiores significanter periculum extremae siccitatis augent, secundum analysin editam die Iovis ab Attributione Mundi (WWA) a...",https://www.nrc.nl/nieuws/2026/07/23/onderzoek-extreme-droogte-is-geen-toeval-verdampingsomstandigheden-nemen-toe-door-klimaatverandering-a4933087,https://images.nrc.nl/Zu8SpvXlgbDsZvx-JQ7tOYJJO2I=/1200x627/smart/filters:no_upscale()/s3/static.nrc.nl/wp-content/uploads/2026/07/23082353/230726VER_2035421531_droogte.jpg,,"De uitzonderlijke droogte in Europa van deze zomer is niet los te zien van klimaatverandering. Door de hogere temperaturen neemt de kans op extreme droogte aanzienlijk toe, blijkt uit een donderdag v… [+2242 chars]",,2026-08-06 08:02:39+00:00,random,,,
3a58949dfad3f9ed8e2a590654b2ecba,2026-07-28T08:49:16Z,Wildfire,bosbrand,www.nrc.nl,nl,0.9,"Die heutigen Großbrände unterscheiden sich grundlegend von den Waldbränden der Vergangenheit. Megabrände: In der öffentlichen Debatte über Waldbrände werde zu viel Wert auf die Zahl der verbrannten Hektar gelegt, sagt Max van Gerrevink. Die Intensität, Geschwindigkeit und Auswirkungen der aktuellen Großbrände verdienen mehr Aufmerksamkeit.",De megabranden van nu zijn wezenlijk anders dan de bosbranden van voorheen,"Megabranden: In het publieke debat over bosbranden ligt te veel nadruk op het aantal afgebrande hectaren, stelt Max van Gerrevink. Intensiteit, snelheid en impact van de huidige megabranden verdienen meer aandacht.","Today's mega fires are fundamentally different from the forest fires of the past. Megafires: In the public debate about forest fires, too much emphasis is placed on the number of hectares burned, says Max van Gerrevink. The intensity, speed and impact of the current mega fires deserve more attention.","Hodiernae megae incendia fundamentaliter ab incendiis silvarum praeteritorum differunt. Megafires: In publica disceptatione de incendiis silvestribus, nimium extollitur in numero hectarum combustarum, dicit Max van Gerrevink. Intensio, celeritas et impulsus in Mega ignibus magis merentur attentionem.",https://www.nrc.nl/nieuws/2026/07/28/de-megabranden-van-nu-zijn-wezenlijk-anders-dan-de-bosbranden-van-voorheen-a4933340,https://images.nrc.nl/2H2TwM5O2gEjQzoEaT2ftWuaUL8=/1200x627/smart/filters:no_upscale()/s3/static.nrc.nl/wp-content/uploads/2026/07/27143117/280726OPI_2035512089_branden.jpg,,"Terwijl ik dit schrijf, is het vuur tot op vijftien kilometer van Bordeaux genaderd. Meer dan 39.000 mensen zijn inmiddels geëvacueerd uit het departement Gironde. Enkele honderden kilometers verdero… [+5638 chars]",,2026-08-06 08:02:39+00:00,random,,,
776aebc92eb578405f16c6be8cc98817,2026-07-30T15:00:00Z,Heat Wave,hittegolf,www.nrc.nl,nl,0.9,"Neben der Hitzewelle nimmt nun auch die „Brandwetterwelle“ zu: Tage mit Hitze, Dürre und Wind. Brandgeographie: Experten warnen, dass der Klimawandel dazu führt, dass extrem brandgefährliche Wetterbedingungen die Möglichkeiten aktueller Brandschutzsysteme übersteigen.","Naast de hittegolf rukt nu ook de ‘brand-weer-golf’ op: dagen met hitte, droogte én wind","Vuurgeografie: Door klimaatverandering beginnen de extreem brandgevaarlijke weersomstandigheden de capaciteiten van de huidige systemen voor brandmanagement te overtreffen, waarschuwen experts.","In addition to the heat wave, the 'fire weather wave' is now also on the rise: days with heat, drought and wind. Fire geography: Climate change is causing extremely fire-hazardous weather conditions to begin to exceed the capabilities of current fire management systems, experts warn.","Praeter aestus, fluctus, undas ignis, nunc etiam in exortu est: dies cum calore, siccitate et vento. Geographia ignis: Clima mutationis condiciones tempestatum ancipites maxime causat ut facultates ignium currentium systematis administrandi incipiunt, periti monent.",https://www.nrc.nl/nieuws/2026/07/30/naast-de-hittegolf-rukt-nu-ook-de-brand-weer-golf-op-dagen-met-hitte-droogte-en-wind-a4933505,https://images.nrc.nl/fH_Fy9HqiBUkwsv2bj7_jQvGJ-E=/1200x627/smart/filters:no_upscale()/s3/static.nrc.nl/wp-content/uploads/2026/07/30103127/300726WET_2035583451_1.jpg,,"Het risico op intense, moeilijk beheersbare branden in de zomer is de afgelopen 45 jaar sterk toegenomen in grote delen van Zuid-Europa, met name het Iberisch schiereiland. Dat komt doordat de combin… [+5742 chars]",,2026-08-06 08:02:39+00:00,random,,,
99cc96b2087f4a68365a6e790c6dcbaf,2026-07-14T13:16:18Z,Precipitation,stortregens Saoedi-Arabië,www.nrc.nl,nl,0.2,"Historisch gesehen fließt bei Lobith wenig Wasser durch den Rhein. Der Wasserabfluss im Rhein bei Lobith, der Gelderland-Messstelle von Rijkswaterstaat, ist auf den niedrigsten Stand in einem Junimonat seit 1976 gesunken. Am Dienstagmorgen um 11.10 Uhr flossen 797,9 Kubikmeter Wasser pro Sekunde durch den Rhein über Deutschland und die Niederlande…",Bij Lobith stroomt historisch weinig water de Rijn door,"De waterafvoer in de Rijn bij Lobith, het Gelderse meetpunt van Rijkswaterstaat, is gedaald naar het laagste niveau in een junimaand sinds 1976. Dinsdagochtend om 11.10 uur stroomde er 797,9 kubieke meter water per seconde door de Rijn via Duitsland Nederland…","Historically, little water flows through the Rhine at Lobith. The water discharge in the Rhine at Lobith, the Gelderland measuring point of Rijkswaterstaat, has fallen to the lowest level in a June month since 1976. On Tuesday morning at 11.10 am, 797.9 cubic meters of water per second flowed through the Rhine via Germany and the Netherlands…","Historice parum aquae per Rhenum in Lobith fluit. Aqua in Rheno apud Lobith, Geldriae punctum Rijkswaterstaat mensurans, ad ultimum cecidit mense Iunio ab anno 1976. Die Martis mane, hora 11.10, 797.9 metra cubica aquae per secundam Rhenum per Germaniam et Nederlandiam fluxerunt.",https://www.nrc.nl/nieuws/2026/07/14/bij-lobith-stroomt-historisch-weinig-water-de-rijn-door-a4932457,https://images.nrc.nl/lNDWcIALAgyTfcToITMrjuBjE_w=/1200x627/smart/filters:no_upscale()/s3/static.nrc.nl/wp-content/uploads/2026/07/14084824/140726VER_2035194524_2.jpg,,"De waterafvoer in de Rijn bij Lobith, het Gelderse meetpunt van Rijkswaterstaat, is gedaald naar het laagste niveau in een junimaand sinds 1976. Dinsdagochtend om 11.10 uur stroomde er 797,9 kubieke … [+1206 chars]",,2026-08-10 11:32:15+00:00,wmo,Saudi Arabia,ARP,Asia
9d243583508844349cad51c771b8ef05,2026-07-16T06:54:00Z,Iceberg,ijsberg antarctica,www.vrt.be,nl,0.3,"Ab Freitag wird es weniger schwül, aber für Flandern wird es vorerst keinen Regen geben. Die Temperaturen sind in den letzten Tagen rasant auf rund oder sogar über 30 Grad gestiegen. Ab morgen ändert sich das: Die Höchsttemperaturen sinken auf Werte zwischen 22 und 27 Grad.","Vanaf vrijdag wordt het minder zwoel, maar de regen blijft voor Vlaanderen voorlopig uit",De temperaturen lopen de voorbije dagen vlot op tot rond of zelfs boven de 30 graden. Vanaf morgen komt daar verandering in: de maxima dalen naar waarden tussen 22 en 27 graden.,"It will be less sultry from Friday, but there will be no rain for Flanders for the time being. Temperatures have risen rapidly in recent days to around or even above 30 degrees. This will change from tomorrow: the maximum temperatures will drop to values ​​between 22 and 27 degrees.","Minor a Veneris aestuosus erit, sed Flandriae tempore pluviae non erunt. Temperaturae recentioribus diebus ad circum vel etiam supra 30 gradus celeriter surrexerunt. Hoc ex cras mutabitur: maximae temperaturae ad valores inter 22 et 27 gradus decident.",https://www.vrt.be/vrtnws/nl/2026/07/16/wanneer-koelt-het-af/,https://images.vrt.be/vrtnws_share/2026/07/16/6dc1a1ce-b1da-49d1-884d-02c00fb06797.jpg,,"Vrijdag krijgt het zuidoosten van ons land nog te maken met onweersbuien. ""Het gaat om lokaal onweer met weinig neerslag"", weet weervrouw Jacotte Brokken.
In de andere regio's blijft het overwegend … [+502 chars]",,2026-08-10 11:32:15+00:00,random,,,
d6c274d62d3b0d5e33899bc955d9c7ac,2026-07-26T17:00:00Z,Storm,stormvloed ijmuiden,www.nrc.nl,nl,0.3,"Traktorgruppen bereiten sich auf neue Vorführungen in App-Gruppen vor. Bauernproteste: Landwirte bereiten sich in App-Gruppen auf Proteste gegen die Stickstoffpolitik vor. Sie bauen die Organisation wieder auf, die während der aufrührerischen Proteste vor einigen Jahren entstanden ist. Sie werden am Montag mit „Sichtbarkeitsmaßnahmen“ beginnen.",Trekkergroepen maken zich in appgroepen weer op voor nieuwe demonstraties,Boerenprotesten: Boeren bereiden zich in appgroepen voor op protestacties tegen het stikstofbeleid. Ze tuigen de organisatie weer op die is ontstaan bij de ontwrichtende protesten van enkele jaren terug. Maandag beginnen ze met ‘zichtbaarheidsacties’.,Tractor groups are preparing for new demonstrations in app groups. Farmers' protests: Farmers are preparing in app groups for protests against the nitrogen policy. They are rebuilding the organization that arose during the disruptive protests of a few years ago. They will start 'visibility actions' on Monday.,"Coetus tractores novas demonstrationes in coetibus appli- candis parant. Reclamationes agricolae: Agricolae in coetibus app coetus reclamationes contra consilium nitrogenium parant. Organizationem reaedificant, quae inter paucos annos dissuasiones turbulentas orta est. Incipiunt actiones visibilis die Lunae.",https://www.nrc.nl/nieuws/2026/07/26/trekkergroepen-maken-zich-in-appgroepen-weer-op-voor-nieuwe-demonstraties-a4933268,https://images.nrc.nl/Q2CDPly7SELvPCKe-Iihm_G75Xw=/1200x627/smart/filters:no_upscale()/s3/static.nrc.nl/wp-content/uploads/2026/07/25145954/260726BIN_2035480038_.jpg,,De boeren die enkele jaren geleden met trekkers massaal actie voerden zijn opnieuw bezig zich te organiseren. Appgroepen van lokale trekkergroepen zijn weer volop actief geworden. Daarin roepen boere… [+5782 chars],,2026-08-10 11:32:15+00:00,wmo,Netherlands,NEU,Europe
1e93481d91523817dfc41aeff87b83d6,2026-07-15T03:34:14Z,Precipitation,neerslag,www.vrt.be,nl,0.9,"Bredene ist der trockenste Ort in Belgien, auch andernorts gab es dieses Jahr sehr wenig Regen: Wie sieht es in Ihrer Region aus? Bisher hat es in unserem Land in diesem Jahr sehr wenig Niederschlag gegeben. Vor allem in Westflandern war es mit 1/3 des normalen Niederschlags bereits viel trockener als normal. Die trockensten Gemeinden des Landes sind derzeit westflämische Küstengemeinden: Bred…","Bredene droogste plek van België, ook elders viel er dit jaar heel weinig regen: hoe zit het in jouw regio?","Tot nu toe is er dit jaar bijzonder weinig neerslag gevallen in ons land. Vooral in West-Vlaanderen was het al veel droger dan normaal, met 1/3 van de normale neerslag. De droogste gemeenten van het land zijn momenteel dan ook West-Vlaamse kustgemeenten: Bred…","Bredene is the driest place in Belgium, there was also very little rain elsewhere this year: what about in your region? So far this year there has been very little rainfall in our country. It was already much drier than normal, especially in West Flanders, with 1/3 of the normal precipitation. The driest municipalities in the country are currently West Flemish coastal municipalities: Bred…","Bredene locus siccissimus in Belgio est, etiam alibi hoc anno pluviae valde exiguae: quid in regione tua? Hactenus hoc anno in patria nostra valde parvae pluviae factae sunt. Iam multo siccior erat quam normale, praesertim in Flandria occidentali, cum praecipitatione 1/3 normalium. Municipia in regionibus aridissimis sunt currently municipia maritima Occidentales Flandriae: Bred…",https://www.vrt.be/vrtnws/nl/2026/07/14/2026-tot-nu-toe-zeer-droog-west-vlaanderen-kreeg-maar-derde-van/,https://images.vrt.be/vrtnws_share/2026/07/14/fefd1864-f2b8-41bc-b1fb-ea15fbdc924f.jpg,,"Ook bij de Vlaamse Milieumaatschappij (VMM), die de standen van het grondwater en de waterlopen meet, houden ze de weersvoorspellingen in de gaten. Want droogte is natuurlijk niet alleen een zaak van… [+432 chars]",,2026-08-10 11:32:15+00:00,wmo,Saudi Arabia,ARP,Asia
0839c97520f324b3db05c017a4af7e14,2026-07-15T04:10:28Z,Precipitation,neerslag,www.tvl.be,nl,0.9,"Kinrooi ist die trockenste Gemeinde Limburgs: In diesem Jahr fielen kaum 309 Millimeter Regen. Kinrooi ist derzeit die trockenste Gemeinde Limburgs. Seit Beginn dieses Jahres fielen dort lediglich 309 Millimeter Niederschlag. VRT NWS schreibt dies auf Basis von Zahlen des RMI. Nicht nur Kinrooi, sondern auch die weitere Region um Bocholt erhielten…",Kinrooi is droogste gemeente van Limburg: er viel dit jaar amper 309 millimeter regen,"Kinrooi is voorlopig de droogste gemeente van Limburg. Sinds het begin van dit jaar viel er daar slechts 309 millimeter neerslag. Dat schrijft VRT NWS op basis van cijfers van het KMI.Niet alleen Kinrooi, maar ook de ruime regio rond Bocholt kreeg de voorbije…","Kinrooi is the driest municipality in Limburg: barely 309 millimeters of rain fell this year. Kinrooi is currently the driest municipality in Limburg. Since the beginning of this year, only 309 millimeters of precipitation has fallen there. VRT NWS writes this based on figures from the RMI. Not only Kinrooi, but also the wider region around Bocholt received…","Kinrooi siccissimum est municipium Limburgense: vix 309 milliumtra pluviarum hoc anno ceciderunt. Kinrooi sit amet aridissimum municipium in Limburg. Ab initio huius anni, tantum 309 mm millium praecipitatio ibi cecidit. VRT NWS scribit hoc ex figuris a RMI. Non solum Kinrooi, sed etiam latior regio circa Bocholt accepit…",https://www.tvl.be/nieuws/kinrooi-is-droogste-gemeente-van-limburg-er-viel-dit-jaar-amper-309-millimeter-regen-181933,https://shared.tvl.be/ext/tvl/w1200/20260715-001-5243.jpg?t=1784095838,,"Kinrooi is voorlopig de droogste gemeente van Limburg. Sinds het begin van dit jaar viel er daar slechts 309 millimeter neerslag. Dat schrijft VRT NWS op basis van cijfers van het KMI.
Niet alleen K… [+774 chars]",,2026-08-10 11:32:15+00:00,wmo,Saudi Arabia,ARP,Asia
3e3a35fa9353507e7494bb06f2fbd92b,2026-07-21T09:44:10Z,Precipitation,neerslag,www.nrc.nl,nl,0.9,"Für Richard Flanagan ist Literatur ein Kajak, mit dem er über den Fluss des wahren Lebens segelt. Richard Flanagan: In seinem neuen Roman nutzt der australische Schriftsteller Richard Flanagan raffiniert verwobene Geschichten auf der Suche nach dem Leben selbst, das immer turbulenter ist als sein Ausdruck auf dem Papier.",Literatuur is voor Richard Flanagan een kajak waarmee hij over de rivier van het ware leven vaart,"Richard Flanagan: In zijn nieuwe roman gaat de Australische schrijver Richard Flanagan aan de hand van ingenieus met elkaar verweven verhalen op zoek naar het leven zelf, dat altijd onstuimiger is dan de neerslag ervan op papier.","For Richard Flanagan, literature is a kayak with which he sails across the river of true life. Richard Flanagan: In his new novel, Australian writer Richard Flanagan uses ingeniously interwoven stories in search of life itself, which is always more turbulent than its expression on paper.","Nam Richardus Flanagan, litteratura kayak est qua trans flumen verae vitae navigat. Richard Flanagan: In nova nova scriptore Australiae Richardus Flanagan fabulis intertextis ingeniose utitur ad ipsam vitam quaerendam, quae semper magis turbidior est quam eius expressio in charta.",https://www.nrc.nl/nieuws/2026/07/21/literatuur-is-voor-richard-flanagan-een-kajak-waarmee-hij-over-de-rivier-van-het-ware-leven-vaart-a4930181,https://images.nrc.nl/xd21ZSMqwN_elQB4bylGpcc9tZk=/1200x627/smart/filters:no_upscale()/s3/static.nrc.nl/wp-content/uploads/2026/07/20173330/230726BOE_2034483710_1.jpg,,"Op zijn vierde besloot Richard Flanagan absurd en zinloos genoeg dat hij schrijver wilde worden, schrijft hij in zijn nieuwe roman Vraag 7. Zijn eerste pogingen waren brieven aan zijn grote zus die n… [+5727 chars]",,2026-08-10 11:32:15+00:00,wmo,Saudi Arabia,ARP,Asia
fb1ef22006d5d0633b53038f9d18d582,2026-07-24T07:27:18Z,Heat Wave,hittegolf,www.vrt.be,nl,0.9,"Neue Hitzewelle im Anmarsch? Ab nächster Woche wird es wieder 30 Grad haben. Der Sonntag bringt etwas, was wir schon lange nicht mehr gesehen haben: Regen. Danach steigen die Temperaturen wieder. Mitte nächster Woche werden wir wieder 30 Grad erreichen. Das RMI geht davon aus, dass diese hohen Temperaturen und die Dürre auch Anfang August anhalten werden...",Nieuwe hittegolf in de maak? Vanaf volgende week opnieuw 30 graden,Zondag brengt het weer iets wat we in lange tijd niet meer gezien hebben: regen. Nadien gaan de temperaturen opnieuw in stijgende lijn. Midden volgende week halen we opnieuw 30 graden. Het KMI verwacht dat die hoge temperaturen en de droogte ook begin augustu…,"New heat wave in the making? From next week it will be 30 degrees again. Sunday will bring something we haven't seen in a long time: rain. Afterwards, temperatures will rise again. We will reach 30 degrees again in the middle of next week. The RMI expects that these high temperatures and drought will also continue at the beginning of August...",Novus calor undam facit? Ex hebdomade proxima iterum fiet 30 gradus. Solis aliquid feret quod non diu vidimus: pluviam. Postea calores resurgent. Iterum perveniemus ad 30 gradus in media septimana proxima. RMI expectat has caliditates et siccitates etiam ineunte Augusto mansurum esse.,https://www.vrt.be/vrtnws/nl/2026/07/24/nieuwe-hittegolf-in-de-maak-volgende-week-opnieuw-30-graden/,https://images.vrt.be/vrtnws_share/2026/07/16/6dc1a1ce-b1da-49d1-884d-02c00fb06797.jpg,,"Maandag wordt het halfbewolkt met mogelijk nog enkele buien. De maxima schommelen tussen 20 graden op het reliëf en 24 graden in de meeste overige streken.
Vanaf dinsdag gaan de temperaturen opnieuw… [+717 chars]",,2026-08-10 11:32:15+00:00,wmo,Switzerland,WCE,Europe
532b69c56c765b55343587716a312978,2026-07-27T10:03:37Z,Wildfire,bosbrand,www.nrc.nl,nl,0.9,"Wieder relevant: Wie Waldbrände das Wetter so beeinflussen können, dass sie sich verstärken. Waldbrände können das Wetter vor Ort so beeinflussen, dass es das Feuer weiter anheizt. Basierend auf wissenschaftlichen Untersuchungen haben wir im Jahr 2023 über eine „intensive Rückkopplungsschleife“ geschrieben, bei der ein Feuer das Wetter und dann wieder das Wetter beeinflusst …",Opnieuw relevant: hoe bosbranden het weer zo kunnen beïnvloeden dat ze zichzelf versterken,"Natuurbranden kunnen het weer lokaal zo beïnvloeden dat het de brand verder aanwakkert. Naar aanleiding van wetenschappelijk onderzoek schreven we in 2023 al over een „intense terugkoppeling”, waarbij een brand het weer beïnvloedt en het weer vervolgens weer …","Relevant again: how forest fires can influence the weather in such a way that they reinforce themselves. Wildfires can influence the weather locally in such a way that it further fuels the fire. Based on scientific research, we wrote in 2023 about an ""intense feedback loop"", where a fire influences the weather and then the weather again...","Iterum pertinet: quomodo silvae incendia ita tempestatem movere possint ut se confirment. Ignium ignium tempestatem localiter movere possunt ita ut ignem ulterius foveat. Ex investigatione scientifica, anno 2023 de ""intenta opinione ansa"" scripsimus, ubi ignis tempestatem influit et deinde tempestas iterum...",https://www.nrc.nl/nieuws/2026/07/27/opnieuw-relevant-hoe-bosbranden-het-weer-zo-kunnen-beinvloeden-dat-ze-zichzelf-versterken-a4933330,https://images.nrc.nl/sTXImll4YQdhVFHSy1iFJ6XW_KY=/1200x627/smart/filters:no_upscale()/s3/static.nrc.nl/wp-content/uploads/2026/07/27115305/270726VER_2035503538_.jpg,,"Natuurbranden kunnen het weer lokaal zo beïnvloeden dat het de brand verder aanwakkert. Naar aanleiding van wetenschappelijk onderzoek schreven we in 2023 al over een intense terugkoppeling, waarbij … [+797 chars]",,2026-08-10 11:32:15+00:00,random,,,
cf169e755494feaff74e43150b6bf4a9,2026-07-29T11:28:00Z,Drought,droogte,businessam.be,nl,0.9,"Der Wasserstand des Rheins ist historisch niedrig, mit Folgen für die Schifffahrt und die Wasserversorgung. Wichtige Erkenntnisse Der Rhein hat aufgrund von Dürre und schmelzenden Gletschern im Juli einen beispiellosen Niedrigwasserstand erreicht. An wichtigen Engpässen ist die Schifffahrtskapazität um 80 Prozent gesunken, wodurch die Dieselkosten stark angestiegen sind. Saltw…","Het water in de Rijn staat historisch laag, met gevolgen voor de scheepvaart en watervoorziening","Key takeaways De Rijn heeft als gevolg van droogte en smeltende gletsjers een ongekend laag waterpeil bereikt voor de maand juli. De scheepvaartcapaciteit is op belangrijke knelpunten met 80 procent gedaald, waardoor de dieselkosten sterk zijn gestegen. Zoutw…","The water in the Rhine is historically low, with consequences for shipping and water supplies. Key takeaways The Rhine has reached an unprecedented low water level for the month of July due to drought and melting glaciers. Shipping capacity has fallen by 80 percent at key bottlenecks, causing diesel costs to rise sharply. Saltw…","Aqua in Rheno historice gravis est, cum consequentibus navium et aquarum commeatibus. Clavis takeaways Rhenus novum gradum aquarum inauditum pervenit ad mensem Iulium ex siccitate et molibus liquefactis. Shipping capacitas per 80 centesimas ad clavos bottlenecks cecidit, cum diesel costs ut acrius oriri posset. Saltw…",https://businessam.be/het-water-in-de-rijn-staat-historisch-laag-met-gevolgen-voor-de-scheepvaart-en-watervoorziening/,https://media.businessam.be/rijn-rhin-keulen-cologne-duitsland-allemagne-2026-1.jpg,,"Key takeaways
<ul><li>De Rijn heeft als gevolg van droogte en smeltende gletsjers een ongekend laag waterpeil bereikt voor de maand juli.</li><li>De scheepvaartcapaciteit is op belangrijke knelpunte… [+3805 chars]",,2026-08-10 11:32:15+00:00,random,,,
a89c1d6332429dd6c0df4e29896215f3,2026-07-29T14:36:00Z,Drought,droogte,www.tvl.be,nl,0.9,"Die Dürre bringt die Limburger Bauern in Schwierigkeiten. Die anhaltende Dürre trifft die Limburger Landwirtschaft hart. Pflanzen wie Mais haben aufgrund der extremen Hitze nicht ausreichend Gelegenheit zum Wachstum. Die Folge ist, dass Landwirte Ernteausfälle erleben und gezwungen sind, zusätzliches Tierfutter zu kaufen, während die Kosten für…",Droogte duwt Limburgse landbouwers in de problemen,"De aanhoudende droogte treft de Limburgse landbouw hard. Gewassen zoals maïs krijgen door de extreme hitte onvoldoende kansen om te groeien. Daardoor zien boeren hun oogst mislukken en zijn ze genoodzaakt extra veevoeder aan te kopen, terwijl de kosten voor d…","Drought is pushing Limburg farmers into trouble. The persistent drought is hitting Limburg agriculture hard. Crops such as corn do not have sufficient opportunity to grow due to the extreme heat. As a result, farmers see their harvest fail and are forced to purchase additional animal feed, while the costs for…","Siccitas Limburgenses agricolas in malum inpellit. Pervicax siccitas Limburgi agriculturam duram feriat. Fruges ut fruges non satis habent facultatem augendi propter nimium calorem. Quam ob rem agricolae messem suam deficientem vident et alia animalia cibaria mercari coguntur, dum impensae pro…",https://www.tvl.be/nieuws/droogte-duwt-limburgse-landbouwers-in-de-problemen-182176,https://shared.tvl.be/ext/tvl/w1200/20260729-001-4326.jpg?t=1785342691,,De aanhoudende droogte treft de Limburgse landbouw hard. Gewassen zoals maïs krijgen door de extreme hitte onvoldoende kansen om te groeien. Daardoor zien boeren hun oogst mislukken en zijn ze genood… [+315 chars],,2026-08-10 11:32:15+00:00,random,,,
1b09c2fb5fab6d80c9811143b10eda61,2026-07-30T17:15:48Z,Drought,droogte,www.nrc.nl,nl,0.9,"Der Twente-Kanal ist geschlossen und Unternehmen sind davon betroffen. Dürre: Aufgrund der anhaltenden Dürre ist der Twente-Kanal seit Samstag gesperrt. Das hat Folgen für 45 Unternehmen, die auf die Binnenschifffahrt angewiesen sind. „Wir können die Mehrkosten nicht auf unsere Kunden umlegen.“",Het Twentekanaal is dicht en daar hebben bedrijven last van,Droogte: Door de aanhoudende droogte is het Twentekanaal sinds zaterdag gesloten. Dat heeft gevolgen voor 45 bedrijven die afhankelijk zijn van aan- en afvoer door de binnenvaart. „We kunnen de extra kosten niet doorberekenen aan onze klanten.”,"The Twente Canal is closed and companies are affected by this. Drought: Due to the persistent drought, the Twente Canal has been closed since Saturday. This has consequences for 45 companies that are dependent on inland shipping. “We cannot pass on the extra costs to our customers.”","Canal Twente clauditur et societates eo afficiuntur. Siccitas: Ob siccitatem assiduam, Twente Canal clausa est ab Sabbato. Hoc habet consequentias pro 45 societatibus quae ab interioribus navibus dependent. ""Non possumus transire in susicivus sumptibus nostris clientibus.""",https://www.nrc.nl/nieuws/2026/07/30/het-twentekanaal-is-dicht-en-daar-hebben-bedrijven-last-van-a4933481,https://images.nrc.nl/I11yzJZQ63-jgJAmjfFmcx1fyu0=/1200x627/smart/filters:no_upscale()/s3/static.nrc.nl/wp-content/uploads/2026/07/29160219/290726ECO_2035576654_Twentekanaal.jpg,,"De buitenlandse vrachtwagenchauffeur heeft haast. Maar Edgar Bos, bedrijfsleider van veevoerbedrijf ForFarmer in Delden, maant hem tot rust. De bedrijfsleider moet tegen hem roepen om in de losruimte… [+6179 chars]",,2026-08-10 11:32:15+00:00,random,,,
4736c0711f3e7e5591a7039dae8badbe,2026-07-15T03:00:00Z,Storm,storm,www.nrc.nl,nl,0.9,"Gender Care stieß auf einen Sturm der Kritik. Jetzt gibt es einen Bericht. Seit Jahren gibt es Kritik an der niederländischen Gender-Betreuung junger Menschen. Dies führte zu einer Untersuchung durch den Gesundheitsrat, der nun feststellt, dass keine Fahrlässigkeit vorlag. Doch Redakteurin Kim Bos sieht, dass die Diskussion um das Existenzrecht von…",De genderzorg belandde in een storm van kritiek. Nu is er een rapport,"Al jarenlang is er kritiek op de Nederlandse genderzorg voor jonge mensen. Het leidde tot een onderzoek door de Gezondheidsraad, die nu oordeelt dat er geen sprake is van onzorgvuldigheid. Toch ziet redacteur Kim Bos dat de discussie rond het bestaansrecht va…","Gender care ended up in a storm of criticism. Now there is a report. There has been criticism of Dutch gender care for young people for years. It led to an investigation by the Health Council, which now rules that there was no negligence. Yet editor Kim Bos sees that the discussion surrounding the right to exist of…","Cura in tem- pore reprehensionis finita est. Nunc fama est. Accusatio generis Batavica pro iuvenibus annis cura fuit. Investigationem perduxit ad Concilium Salus, quod nunc regit quod nulla negligentia fuit. Editor tamen Kim Bos perspicit disputationem circa ius exsistere de…",https://www.nrc.nl/nieuws/2026/07/15/de-genderzorg-belandde-in-een-storm-van-kritiek-nu-is-er-een-rapport-a4932547,https://images.nrc.nl/external/_f40oVmHA9uowR73GHDacGTaNsw=/1200x627/smart/filters:no_upscale()/https://content.production.cdn.art19.com/images/d3/b8/d7/27/d3b8d727-556c-46e8-83e0-c400af4d78c2/749037916c246f733602cb36cdb95c7f0b2a8c01ec06f0735fc6f27f8efd9297812ac63420804f76349a055e3b1abfb8893815bb57afc076b626c0815788093e.jpeg,,"Al jarenlang is er kritiek op de Nederlandse genderzorg voor jonge mensen. Het leidde tot een onderzoek door de Gezondheidsraad, die nu oordeelt dat er geen sprake is van onzorgvuldigheid. Toch ziet … [+486 chars]",,2026-08-14 11:22:11+00:00,random,,,
d94401be6f9b4e5fdb4198a498d0a824,2026-07-20T13:07:01Z,Precipitation,neerslag,www.nrc.nl,nl,0.3,"Streifen für den Strand, im Garten oder auf der Rückbank. Sommercomics: Viel Zeit am Strand, lange Autofahrten in den Süden oder einfach nur zu Hause in der Hängematte: Die Sommerferien sind die ideale Zeit zum Lesen. NRC tauchte in die abenteuerliche und oft urkomische Welt der Jugendcomics ein und gab eine Reihe von Empfehlungen …","Strips voor het strand, in de tuin of op de achterbank","Zomerstrips: Zeeën van tijd aan het strand, lange autoritten naar het zuiden of gewoon thuis in de hangmat: de zomervakantie is de ideale tijd om lekker te lezen. NRC dook in de avontuurlijke en vaak hilarische wereld van de jeugdstrip en zet een aantal aanbe…","Strips for the beach, in the garden or on the backseat. Summer comics: Lots of time at the beach, long car rides south or just at home in the hammock: the summer holidays are the ideal time to enjoy reading. NRC delved into the adventurous and often hilarious world of youth comics and made a number of recommendations…","Litore nudat in horto vel in backseat. Aestas comics: Sortes temporis in litore, currus longus ad meridiem equitat vel domi in tabernaculum unius noctis: feriae aestivae sunt specimen tempus legendi fruendi. NRC in periculosum et saepe hilarissimum iuventutis orbem comicos incidit et multa commendatione fecit...",https://www.nrc.nl/nieuws/2026/07/20/strips-voor-het-strand-in-de-tuin-of-op-de-achterbank-a4932591,https://images.nrc.nl/VsbVa9rq80zPpWT14Z2EmDUFWLw=/1200x627/smart/filters:no_upscale()/s3/static.nrc.nl/wp-content/uploads/2026/07/15151119/200726CUL_2033847870_-lightfall.jpg,,"Het idee dat strips alleen voor kinderen zijn, dat eeuwige mantra, is allang weerlegd, maar voor één keer gaat het alleen over strips voor zeven- tot twaalfjarigen. En wat meteen opvalt: strips zijn … [+6241 chars]",,2026-08-17 02:06:07+00:00,wmo,Saudi Arabia,ARP,Asia
359e0b2040bc0375b5e4c9319920cf21,2026-07-25T13:16:10Z,Wildfire,wildvuur Tunesië,www.nrc.nl,nl,0.3,"Sechzehn Lieblingsbücher der NRC-Herausgeber. Auch für die NRC-Redaktion ist der Sommer eine Zeit, in der die Leute plötzlich wieder schief auf den Stapel Bücher auf dem Nachttisch blicken und sich fragen, welche Bücher das zusätzliche Gewicht im Koffer rechtfertigen (den E-Reader vergessen wir der Einfachheit halber).",Zestien lievelingsboeken van de NRC-redactie,"Ook voor de NRC-redactie is de zomer een tijd waarin er opeens weer met een schuin oog wordt gekeken naar die boekenstapel op het nachtkastje, en getwijfeld over welke boeken het extra gewicht in de koffer rechtvaardigen (we vergeten de e-reader even omwille …","Sixteen favorite books of the NRC editors. For the NRC editors too, summer is a time when people suddenly look askance at that stack of books on the bedside table again, and wonder about which books justify the extra weight in the suitcase (we forget about the e-reader for the sake of…","Sexdecim ventus librorum NRC editorum. Pro editoribus quoque NRC, aestas est tempus cum repente inspicimus in lecto illo librorum acervus mensae iterum, et mirantur de quibus libri pondus extra pondus in vidulo iustificant (obliviscatur de e-lectore causa…",https://www.nrc.nl/nieuws/2026/07/25/zestien-lievelingsboeken-van-de-nrc-redactie-a4932968,https://images.nrc.nl/tUelZ-E2TyzzX5rQvhGJ-dqFkIY=/s3/static.nrc.nl/wp-content/uploads/2026/07/24154744/260726WEE_2035379475_WEB_GIF_HP2_Lievelingsboeken.gif,,"Ook voor de NRC-redactie is de zomer een tijd waarin er opeens weer met een schuin oog wordt gekeken naar die boekenstapel op het nachtkastje, en getwijfeld over welke boeken het extra gewicht in de … [+23565 chars]",,2026-08-17 02:06:07+00:00,effis,Tunisia,MED,Africa
bf67e62866a80874265c5e3506eceb48,2026-07-29T06:18:24Z,Heat Wave,hittegolf,www.tvl.be,nl,0.9,LIVE-BLOG: Vierte Hitzewelle in Limburg. In Limburg bleibt es warm. Verfolgen Sie hier alle Wetteraktualisierungen.,LIVEBLOG: Vierde hittegolf in Limburg,Het blijft warm in Limburg. Volg hier alle updates over het weer.,LIVE BLOG: Fourth heat wave in Limburg. It remains warm in Limburg. Follow all weather updates here.,LIVE BLOG: Quartus calor fluctus in Limburg. Calefacit in Limburg. Sequere omnes tempestates hic updates.,https://www.tvl.be/nieuws/liveblog-vierde-hittegolf-in-limburg-181567,https://shared.tvl.be/ext/tvl/w1200/20260624-001-9826.jpg?t=1783921703,,"We onderscheiden volgende types cookies, naargelang hun doeleinden:
Wij gebruiken dus enerzijds onze eigen cookies en anderzijds cookies van zorgvuldig geselecteerde partners met wie we samenwerken.… [+91 chars]",,2026-08-17 20:56:45+00:00,random,,,
1a69317c57dadc86676caf2881e5396a,2026-07-28T19:56:20Z,Wildfire,bosbrand,www.vrt.be,nl,0.9,Die europäische Krisenhilfe zur Waldbrandbekämpfung stößt an ihre Grenzen: „Alles brennt gleichzeitig“. Frankreich und Spanien müssen sich bei der Bekämpfung der enormen Waldbrände auf ihrem Territorium nicht nur auf sich selbst verlassen. Sie können auch auf Löschgeräte und Feuerwehrleute aus anderen europäischen Mitgliedsstaaten zählen. Auch die Europäische Union arbeitet an einer eigenen Feuerlöscherflotte...,"Europese crisishulp voor bosbrandbestrijding botst op zijn limieten: ""Alles brandt op hetzelfde moment""",Frankrijk en Spanje zijn niet alleen aangewezen op zichzelf om de enorme bosbranden op hun grondgebied te bestrijden. Ze kunnen ook rekenen op blusmaterieel en brandweerlui uit andere Europese lidstaten. De Europese Unie werkt ook aan een eigen vloot met blus…,"European crisis aid for forest firefighting is reaching its limits: ""Everything is burning at the same time"". France and Spain do not have to rely solely on themselves to fight the enormous forest fires on their territory. They can also count on extinguishing equipment and firefighters from other European member states. The European Union is also working on its own fleet of fire extinguishers...","Discrimen Europaeum auxilium ad incendia silvarum fines attingit: ""Omnia simul ardet"". Gallia et Hispania non solum sibi soli pugnant ut incendia silvestres ingentes in finibus suis pugnant. Possunt etiam numerare in instrumento extinguendo et firepugnatores ex aliis civitatibus Europaeis membrum. Unio Europaea etiam in sua classe ignis extinctores laborat...",https://www.vrt.be/vrtnws/nl/2026/07/28/europese-unie-noodhulp-bosbranden/,https://images.vrt.be/vrtnws_share/2026/07/28/5dc8e744-8ba1-410d-9cbd-60b9671e05ce.jpg,,"Dat beseft de Europese Commissie ook. Die wil meer inzetten op preventie en bewustmaking. Een bosbrand die niet is begonnen, hoef je immers ook niet te lijf te gaan met dure machines en personeel.
B… [+1309 chars]",,2026-08-18 05:57:08+00:00,random,,,
50f2d8837ead19d980194b21b4b3366b,2026-07-27T14:43:43Z,Drought,droogte,www.waaskrant.be,nl,0.9,"Während der Lokeren-Festwoche gibt es kein Feuerwerk. LOKEREN. Das Feuerwerk während der Lokeren-Festwoche wurde abgesagt. Aufgrund der anhaltenden Dürre ist es zu gefährlich, Feuerwerkskörper zu zünden.",Geen vuurwerk tijdens de Lokerse Feestweek,LOKEREN. Het vuurwerk naar aanleiding van de Lokerse Feestweek is geannuleerd. Door de aanhoudende droogte is het te gevaarlijk om vuurwerk af te steken.,"No fireworks during the Lokeren Feestweek. LOKEREN. The fireworks during the Lokeren Feestweek have been cancelled. Due to the persistent drought, it is too dangerous to set off fireworks.","Nulla pompa in Feestweek Lokeren. LOKEREN. Pompa in Feestweek Lokeren remissa sunt. Ob siccitatem assiduam, nimium periculosum est fireworks proficisci.",https://www.waaskrant.be/nieuws/29820-geen-vuurwerk-tijdens-de-lokerse-feestweek,https://www.waaskrant.be/images/2026/nieuws/lok_2707_vuurwerk-1024.jpg,,"GEMEENTE BKZ. Optiek Foubert bestaat 45 jaar en viert dat met een gratis zomerzoektocht voor kinderen. De wandelzoektocht kreeg de naam More Green - Less...
Regionaal Nieuws, 27-07-2026
SINT-GILLIS… [+1858 chars]",,2026-08-19 16:00:38+00:00,random,,,
