week,sentiment_mean,sentiment_std,subjectivity_mean,subjectivity_std,counting
2025-48,-0.3749999999999999,1.0,0.3583333333333333,1.0,1.0
2025-49,0.2885056802331861,0.9695215001461662,0.0068341936271193926,0.9068541407248552,7.0
2025-50,0.423543429061548,0.7992079824380235,0.020693491392869884,1.1953416572356663,8.0
2025-51,0.09179038024670265,0.8253841220252862,-0.009442846569774515,0.8326966417107065,22.0
2025-52,-0.08145711757863257,1.0027062207919155,-0.3711857320826316,0.5832037535213935,5.0
2026-00,0.06570129527217348,1.316512009241415,0.5032146941281133,0.9714715956465043,12.0
2026-01,-0.15833788265935295,0.7872770523845104,0.041258682990976986,0.9024472504709642,25.0
2026-02,-0.9781111494804143,0.37445897802600786,-0.9551975797432375,1.0351905839836255,3.0
