week,sentiment_mean,sentiment_std,subjectivity_mean,subjectivity_std,counting
2025-48,-0.3749999999999999,1.0,0.3583333333333333,1.0,1.0
2025-49,0.1627750477875388,0.9156214355621575,0.019167227465886862,0.8342741389976521,7.0
2025-50,0.44370982249130153,0.4960499244170859,-0.11929512547122388,0.5809348982529888,4.0
2025-51,0.1912072016442209,1.0853022650749984,-0.14418967562023227,1.1149387451689374,11.0
2025-52,-0.8344228256703152,0.43937022916383284,0.1340452816319696,0.659361620358535,3.0
2026-00,0.1736718635764709,0.3245336633744895,0.9224478442775833,0.2926536866958023,3.0
2026-01,-0.26027074453535937,0.5614021242489905,0.3183896204646981,0.7482611043711449,8.0
