week,sentiment_mean,sentiment_std,subjectivity_mean,subjectivity_std,counting
2025-48,-0.3749999999999999,1.0,0.3583333333333333,1.0,1.0
2025-49,0.1676296771813465,0.868018684873599,0.008357115782286848,0.9055571133069514,7.0
2025-50,0.42497584929780585,0.815405009765421,0.2930527278420241,1.1968756379907877,8.0
2025-51,0.318708944570278,1.0533469929920034,0.13323772029956907,0.9088049324413288,34.0
2025-52,0.02683354592085856,0.6725957748221321,-0.21506378751198924,0.7990778176326305,10.0
2026-00,0.040720560867190086,1.1742406833261552,0.3995285941186719,0.9288418492267467,15.0
2026-01,-0.057754037301807636,0.897058933262616,0.05373038794728441,1.0041316084865928,62.0
2026-02,-0.4206995995913359,0.8047026815987998,-0.31324719020421343,0.7122804935186636,20.0
2026-03,-0.5106108247535036,1.0805199970744876,-0.8896780742594582,0.9951227957599796,7.0
